teamName,region,link,seriesWins,seriesLosses,gameWins,gameLosses,rank5,rank5Value,rank,rankValue,playerList,opgg1,opgg2
Brock Junior varsity,North,/lol/teams/6146,11,0,22,1,Gold 1,16,Gold 2,15,"['xwalford', 'zeWolfy', 'Infłux', 'Quickfoxyt', 'PandaTwice', 'Godllycookie', 'H0BBES', 'Fråwt', 'PurePhoenix']","https://na.op.gg/multi/query=xwalford,zeWolfy,Infłux,Quickfoxyt,PandaTwice,Godllycookie,H0BBES,Fråwt,PurePhoenix,",https://na.op.gg/multi/query=
UCD Aggie Gold,South-west | 2,/lol/teams/9701,8,3,18,7,Gold 3,14,Silver 1,12,"['The Infamous JMB', 'Pseudonomous', 'La Ruche7', 'xXC4N4D4Xx', 'kuroboo22', 'Kunjie', 'Nightluna']","https://na.op.gg/multi/query=The Infamous JMB,Pseudonomous,La Ruche7,xXC4N4D4Xx,kuroboo22,Kunjie,Nightluna,",https://na.op.gg/multi/query=
Cal Pizzly Bears,South-west | 1,/lol/teams/10085,9,3,20,7,Gold 2,15,Gold 4,13,"['TheGoodSamaritan', 'too spicy', 'Forepiay', 'Firestar96', 'Ghostofnoname', 'Gelo', 'Th3Magus', 'Tank Jagdtiger', 'SonicBoom']","https://na.op.gg/multi/query=TheGoodSamaritan,too spicy,Forepiay,Firestar96,Ghostofnoname,Gelo,Th3Magus,Tank Jagdtiger,SonicBoom,",https://na.op.gg/multi/query=
UTSA Gold,Central | 1,/lol/teams/10283,9,3,20,7,Gold 1,16,Gold 4,13,"['Mespai', 'Virchek', 'TheshackledOne', 'Sinnlos', 'SNACC Ramen Toe', 'Vinhilla', 'VenomStriker5', 'luisever', 'Reptune', 'yasirq', 'Eberron', 'oOZeqOo', 'EtherealLunar']","https://na.op.gg/multi/query=Mespai,Virchek,TheshackledOne,Sinnlos,SNACC Ramen Toe,Vinhilla,VenomStriker5,luisever,Reptune,yasirq,","https://na.op.gg/multi/query=Eberron,oOZeqOo,EtherealLunar,"
UMBC Funky Fellas,North-east | 3,/lol/teams/11033,7,4,15,8,Gold 2,15,Gold 3,14,"['zonicboom', 'YikesItsWykes', 'GrandG1331', 'OtterGeneral', 'Datalor', 'Dast', 'jùju', 'Kaimanaa', 'Bluephoenix176']","https://na.op.gg/multi/query=zonicboom,YikesItsWykes,GrandG1331,OtterGeneral,Datalor,Dast,jùju,Kaimanaa,Bluephoenix176,",https://na.op.gg/multi/query=
EGDCollective - Team Alpha,North-east | 4,/lol/teams/10236,9,2,18,5,Gold 2,15,Gold 4,13,"['KaiIIou', 'Rodek', 'Kendyfun', '88Ryzing', 'A Dandy Guy', 'MY JG FK SKS', 'FluffyDay', 'SouperPlatypus', 'Lunagray', 'musik2love']","https://na.op.gg/multi/query=KaiIIou,Rodek,Kendyfun,88Ryzing,A Dandy Guy,MY JG FK SKS,FluffyDay,SouperPlatypus,Lunagray,musik2love,",https://na.op.gg/multi/query=
UB Team C,North-east | 4,/lol/teams/11243,7,4,14,8,Gold 2,15,Silver 2,11,"['Nejisense651', 'BlurryFlurry', 'rThSoNancy', 'Bronxsciencenerd', 'Oblivion Walker8', 'Master9000', 'Geobird', 'jaay', 'crybabyezreal', 'Lil Dev', 'NietzchesLeachie', 'Seihiro']","https://na.op.gg/multi/query=Nejisense651,BlurryFlurry,rThSoNancy,Bronxsciencenerd,Oblivion Walker8,Master9000,Geobird,jaay,crybabyezreal,Lil Dev,","https://na.op.gg/multi/query=NietzchesLeachie,Seihiro,"
Baron Nassau V Orange,North-east | 5,/lol/teams/10782,10,2,21,4,Gold 1,16,Gold 4,13,"['JaggedLightning', 'juanjesusDH', 'ttv hydrm', 'Kev0ut', 'Kubtops', 'selepy', 'ElementiDragon', 'OreTenebrae', 'Surp69', 'olisboxer99']","https://na.op.gg/multi/query=JaggedLightning,juanjesusDH,ttv hydrm,Kev0ut,Kubtops,selepy,ElementiDragon,OreTenebrae,Surp69,olisboxer99,",https://na.op.gg/multi/query=
NJIT C,North-east | 5,/lol/teams/7771,6,4,13,9,Gold 3,14,Silver 2,11,"['Resvoir', 'Øctave', 'CaitdidJFK', 'trindomeer', 'Kil13rofDeath', 'Dawnpression nya', 'Aquiii', 'Yassuo1Trk', 'ddemartini', 'chomp1110', 'nickwre']","https://na.op.gg/multi/query=Resvoir,Øctave,CaitdidJFK,trindomeer,Kil13rofDeath,Dawnpression nya,Aquiii,Yassuo1Trk,ddemartini,chomp1110,","https://na.op.gg/multi/query=nickwre,"
MNSU Gold,Central | 4,/lol/teams/9794,8,2,17,4,Gold 2,15,Gold 4,13,"['Ewook', 'x lolcats', 'Louii', 'Vict0rRe4Me', 'Mmclle', 'BALMAIN Paris', 'L9 PREDAT0R', 'TinyMidget168', 'trippleDragon', 'dekangyan54', 'Jayˆ']","https://na.op.gg/multi/query=Ewook,x lolcats,Louii,Vict0rRe4Me,Mmclle,BALMAIN Paris,L9 PREDAT0R,TinyMidget168,trippleDragon,dekangyan54,","https://na.op.gg/multi/query=Jayˆ,"
SBU Golden Baboons,North-east | 4,/lol/teams/11096,8,3,16,8,Gold 2,15,Gold 4,13,"['McSlap', 'Kilzzy', 'jstocs5', 'Piano Max', 'Shuya Camui', 'Caikness', 'DyNasty121', 'Deprusion', 'Aerisun']","https://na.op.gg/multi/query=McSlap,Kilzzy,jstocs5,Piano Max,Shuya Camui,Caikness,DyNasty121,Deprusion,Aerisun,",https://na.op.gg/multi/query=
Bronco Esports Rice Paper,South-west | 1,/lol/teams/6330,11,1,22,5,Gold 2,15,Gold 4,13,"['hypermonkieboi', 'PolyLens', 'skatepoiser', 'J0NX2', 'CapBarbosa', 'PineappleFear', 'Dumbledore Mid', 'Chaotic978', 'battleship2424', 'Mêrit']","https://na.op.gg/multi/query=hypermonkieboi,PolyLens,skatepoiser,J0NX2,CapBarbosa,PineappleFear,Dumbledore Mid,Chaotic978,battleship2424,Mêrit,",https://na.op.gg/multi/query=
RMU Team Red,North-east | 2,/lol/teams/10784,7,2,14,5,Gold 1,16,Silver 3,10,"['Mittica', 'Slurpe', 'NormTrooper67', 'LoefBloek', 'russ217187', 'NFC412', 'xillnoc', 'Strandomintoo', 'Gir Knives', 'Lanks', 'MonkWisdom', 'highly corrosive', 'Imwhipped', 'ShadowKyng']","https://na.op.gg/multi/query=Mittica,Slurpe,NormTrooper67,LoefBloek,russ217187,NFC412,xillnoc,Strandomintoo,Gir Knives,Lanks,","https://na.op.gg/multi/query=MonkWisdom,highly corrosive,Imwhipped,ShadowKyng,"
UHM Gold,South-west | 2,/lol/teams/10974,9,2,19,5,Gold 3,14,Silver 1,12,"['Ryzae', 'Poobin', 'Magicgateway', 'Mrbenjamin69', 'misticalhearts', 'Aureleei', 'thirtiethspark5', 'Kuìro', 'Seratoh', 'cGxOqSean', 'Socheatha', 'Pxxxhub']","https://na.op.gg/multi/query=Ryzae,Poobin,Magicgateway,Mrbenjamin69,misticalhearts,Aureleei,thirtiethspark5,Kuìro,Seratoh,cGxOqSean,","https://na.op.gg/multi/query=Socheatha,Pxxxhub,"
UVM Gold,North-east | 5,/lol/teams/9889,9,2,18,5,Gold 2,15,Silver 1,12,"['Macro xD', 'TheSphere', 'HotSweatyLads', 'I JWW I', 'ACon Excalibur', 'Taigerlol', 'EdgarIsAPoe', 'Łuz', 'Kitten of Storm']","https://na.op.gg/multi/query=Macro xD,TheSphere,HotSweatyLads,I JWW I,ACon Excalibur,Taigerlol,EdgarIsAPoe,Łuz,Kitten of Storm,",https://na.op.gg/multi/query=
Uvic Vikings,North-west,/lol/teams/5520,11,0,22,0,Bronze 2,7,Bronze 2,7,"['loli teemo', 'SamwiseTheGamgee', 'Linzek', 'Loli Kaze', 'TheMightyMeercat']","https://na.op.gg/multi/query=loli teemo,SamwiseTheGamgee,Linzek,Loli Kaze,TheMightyMeercat,",https://na.op.gg/multi/query=
LU Navy,North-east | 1,/lol/teams/7442,8,2,18,4,Gold 2,15,Gold 2,15,"['shieldflyer', 'Fycus', 'ebestrob', 'StarHunter36', 'TwilightTigress', 'Aneiron', 'Cyborg Dragon', 'Çrøss', 'JJtheBigThot', 'Tabbin']","https://na.op.gg/multi/query=shieldflyer,Fycus,ebestrob,StarHunter36,TwilightTigress,Aneiron,Cyborg Dragon,Çrøss,JJtheBigThot,Tabbin,",https://na.op.gg/multi/query=
La Flama Blanca,North,/lol/teams/9754,9,2,19,5,Gold 2,15,Gold 2,15,"['ahrikidding', 'pyrpop', '4skinmuncher', 'StoneSlash52', 'kevinpang', 'mohaimenxzcx', 'IFlyte', 'Akzinator', 'lilhaetae']","https://na.op.gg/multi/query=ahrikidding,pyrpop,4skinmuncher,StoneSlash52,kevinpang,mohaimenxzcx,IFlyte,Akzinator,lilhaetae,",https://na.op.gg/multi/query=
UCR C ONE,South-west | 2,/lol/teams/11245,10,1,21,5,Gold 1,16,Gold 4,13,"['Shybe', '5DemandsNot1Less', 'wynntastic', 'JJoon', 'Quantum Föam', 'Kant Kite', 'Bobthebuilder223']","https://na.op.gg/multi/query=Shybe,5DemandsNot1Less,wynntastic,JJoon,Quantum Föam,Kant Kite,Bobthebuilder223,",https://na.op.gg/multi/query=
Akron Zips Club Gold,North-east | 1,/lol/teams/10223,7,2,14,4,Gold 3,14,Silver 1,12,"['BrotherKingYugo', 'Maltier', 'pumpkinIRL', 'woofpack3', 'joesh23', 'Xen0nz', 'sennabun', 'Schoonz09', 'Drina', 'Wooderson', 'Pinbawl']","https://na.op.gg/multi/query=BrotherKingYugo,Maltier,pumpkinIRL,woofpack3,joesh23,Xen0nz,sennabun,Schoonz09,Drina,Wooderson,","https://na.op.gg/multi/query=Pinbawl,"
SFU Academy Black,North-west,/lol/teams/10480,9,2,19,6,Gold 2,15,Silver 2,11,"['bubly', 'Incoming Nerf', 'Lullencia', 'Murasakibara', 'Plö', 'FlaminMadman', 'NoCooldowns', 'SpecialtyNougeht']","https://na.op.gg/multi/query=bubly,Incoming Nerf,Lullencia,Murasakibara,Plö,FlaminMadman,NoCooldowns,SpecialtyNougeht,",https://na.op.gg/multi/query=
UofA Gold,North-west,/lol/teams/10468,8,3,17,7,Gold 2,15,Gold 3,14,"['Cyroean Maji', 'Nyat', 'min012', 'Sømå', 'WITHINSANITY', 'BaguetteFresh', 'Ahroe', 'Glitchy Shadow', 'win ok']","https://na.op.gg/multi/query=Cyroean Maji,Nyat,min012,Sømå,WITHINSANITY,BaguetteFresh,Ahroe,Glitchy Shadow,win ok,",https://na.op.gg/multi/query=
OU Infinite,North-east | 1,/lol/teams/8993,11,0,22,2,Gold 3,14,Silver 3,10,"['Foreign Guy', 'xGreen7', 'Zakch', 'TheAsianInvasion', 'RoxTytan', 'oop', 'Flabbyb', 'Slampus']","https://na.op.gg/multi/query=Foreign Guy,xGreen7,Zakch,TheAsianInvasion,RoxTytan,oop,Flabbyb,Slampus,",https://na.op.gg/multi/query=
MESC JV II A,Central | 4,/lol/teams/4611,7,3,17,6,Gold 1,16,Gold 2,15,"['Gransee', 'Spaghettius', 'IPIasma', 'Tobiswirls24', 'Donyatsuu', 'The Real JZ', 'Sárnait']","https://na.op.gg/multi/query=Gransee,Spaghettius,IPIasma,Tobiswirls24,Donyatsuu,The Real JZ,Sárnait,",https://na.op.gg/multi/query=
Macronauts,North,/lol/teams/9461,9,2,19,5,Gold 1,16,Gold 4,13,"['ahrikidding', 'VoodooKoala', 'EmoChanChan', 'SteamedBaozi', 'möhad', 'dsotm0626', 'Seito']","https://na.op.gg/multi/query=ahrikidding,VoodooKoala,EmoChanChan,SteamedBaozi,möhad,dsotm0626,Seito,",https://na.op.gg/multi/query=
LOLUTD TEAM LOU,Central | 1,/lol/teams/11148,6,3,13,6,Gold 3,14,Silver 3,10,"['Faery', 'Thrillow', 'Dominion Endiel', 'SquiMoo', 'Chi Panda', 'S4xt0n', 'Random142857', 'Wildfirre', 'Marcus Orchestra']","https://na.op.gg/multi/query=Faery,Thrillow,Dominion Endiel,SquiMoo,Chi Panda,S4xt0n,Random142857,Wildfirre,Marcus Orchestra,",https://na.op.gg/multi/query=
Kevin’s Needlessly Large Rods,North-east | 4,/lol/teams/11354,11,0,22,2,Gold 1,16,Gold 3,14,"['FizzInHerViJanna', 'Jennibear', 'paradoxxd', 'Wywh', 'Sienrid', 'Kermeat', 'bilalawan19', 'SamsonOption', '404 JG NOT FOUND', 'UnaidedPleasure', 'RoseThorns09']","https://na.op.gg/multi/query=FizzInHerViJanna,Jennibear,paradoxxd,Wywh,Sienrid,Kermeat,bilalawan19,SamsonOption,404 JG NOT FOUND,UnaidedPleasure,","https://na.op.gg/multi/query=RoseThorns09,"
Illinois Wesleyan JV,Central | 3,/lol/teams/6590,7,4,15,8,Gold 2,15,Silver 3,10,"['Ivory Keys', 'Raj Te Lag Comp', 'CoachFletcher', 'Baezi', 'Papa Jondu', 'Psapa', 'FishH3adz', 'JerryFish', 'Bicarbonate', 'Koguo', 'West Coast Carry', 'Teddy Broesevelt']","https://na.op.gg/multi/query=Ivory Keys,Raj Te Lag Comp,CoachFletcher,Baezi,Papa Jondu,Psapa,FishH3adz,JerryFish,Bicarbonate,Koguo,","https://na.op.gg/multi/query=West Coast Carry,Teddy Broesevelt,"
Esports at Florida State White,South-east,/lol/teams/9594,9,2,19,6,Gold 3,14,Gold 3,14,"['MegaBlazeiken', 'Olliepop', 'undeadkang', 'Mrman4321', 'no cªp', 'Armin546', 'itsdune', 'TheJodran', 'YaBoyTugBoat', 'The Largest Yeet', 'Eset']","https://na.op.gg/multi/query=MegaBlazeiken,Olliepop,undeadkang,Mrman4321,no cªp,Armin546,itsdune,TheJodran,YaBoyTugBoat,The Largest Yeet,","https://na.op.gg/multi/query=Eset,"
GTWHITE,East,/lol/teams/11210,8,3,16,7,Gold 3,14,Silver 1,12,"['Username10010', 'herrenchan', 'Shak', 'TheChosenLegend', 'Omega Guide', 'Chjvas', 'iEnvy', 'skt t2 finn', 'YomamiPanda']","https://na.op.gg/multi/query=Username10010,herrenchan,Shak,TheChosenLegend,Omega Guide,Chjvas,iEnvy,skt t2 finn,YomamiPanda,",https://na.op.gg/multi/query=
UTA Esports Zenith,Central | 1,/lol/teams/10093,11,0,22,1,Gold 1,16,Silver 2,11,"['Semper Amicissim', 'Taste of Italy', 'Darkninja1296', 'Phantamos', 'Sxulstice', 'BetaWaifu', 'Android Derp', 'El TorgoNudho', 'InfiKnight105', 'Xibin', 'EmadTheTurk']","https://na.op.gg/multi/query=Semper Amicissim,Taste of Italy,Darkninja1296,Phantamos,Sxulstice,BetaWaifu,Android Derp,El TorgoNudho,InfiKnight105,Xibin,","https://na.op.gg/multi/query=EmadTheTurk,"
GMU G Team,North-east | 1,/lol/teams/10617,8,3,16,6,Gold 4,13,Bronze 1,8,"['josh8far', 'ceythzee', 'SparklingNebula', 'KentuckyFrieDog', 'ExclusiveME', 'Fartingtekniq', 'Quumi', 'IotaReality', 'TheKirbz', 'Jer l3ear']","https://na.op.gg/multi/query=josh8far,ceythzee,SparklingNebula,KentuckyFrieDog,ExclusiveME,Fartingtekniq,Quumi,IotaReality,TheKirbz,Jer l3ear,",https://na.op.gg/multi/query=
Deep Fried Courage,North-east | 3,/lol/teams/9116,8,3,17,7,Gold 3,14,Gold 4,13,"['red bublz', 'blackemberX', 'Snowﬂake', 'danny123456789', 'TLD Parzival', 'Ninjascarff', 'Programatic', 'grandpaaly']","https://na.op.gg/multi/query=red bublz,blackemberX,Snowﬂake,danny123456789,TLD Parzival,Ninjascarff,Programatic,grandpaaly,",https://na.op.gg/multi/query=
MSOE Gold,Central | 4,/lol/teams/9861,10,1,20,4,Gold 2,15,Silver 1,12,"['Divinegon', 'Apocalypse715', 'BeadierChaff06', 'IAmCaliber', 'HyruleGuardian', 'NeekoNicoRee', 'TheNorthSouth', 'ThatCellist', 'Trustysteed', 'trollking21', 'Tempest516', 'Giantyuiop']","https://na.op.gg/multi/query=Divinegon,Apocalypse715,BeadierChaff06,IAmCaliber,HyruleGuardian,NeekoNicoRee,TheNorthSouth,ThatCellist,Trustysteed,trollking21,","https://na.op.gg/multi/query=Tempest516,Giantyuiop,"
Clemson C Team,East,/lol/teams/4307,8,3,17,7,Gold 2,15,Silver 2,11,"['The Dong Gundam', 'Otter King', 'Bryson1236', 'Eragon1239', 'Zerukai', 'nyakasgoods', 'AegisSC', 'DynamicRhino', 'MrHashSSlasher', 'Josh1', 'Ashlord9']","https://na.op.gg/multi/query=The Dong Gundam,Otter King,Bryson1236,Eragon1239,Zerukai,nyakasgoods,AegisSC,DynamicRhino,MrHashSSlasher,Josh1,","https://na.op.gg/multi/query=Ashlord9,"
CSULB JV Two,South-west | 1,/lol/teams/7042,10,2,21,8,Gold 1,16,Silver 3,10,"['Fairlyjosh', 'DeadlyNinja', 'TangoDown1337', 'May Yuki', 'Lvl98 Shuckle', 'Ruh Ro', 'Guyofmetal', 'H U N G O', 'IShadowFaxI', 'Synkit', 'lordblasterjoker', 'Resonator', 'Ashleyismash']","https://na.op.gg/multi/query=Fairlyjosh,DeadlyNinja,TangoDown1337,May Yuki,Lvl98 Shuckle,Ruh Ro,Guyofmetal,H U N G O,IShadowFaxI,Synkit,","https://na.op.gg/multi/query=lordblasterjoker,Resonator,Ashleyismash,"
LSU Green,Central | 1,/lol/teams/10385,6,4,12,10,Gold 3,14,Gold 4,13,"['Gravy007', 'Tactical waifu', 'HDBeast', 'Astreauxboy', 'Sir Rayne', 'Flammable Taco', 'RonoJ', 'Herpuy']","https://na.op.gg/multi/query=Gravy007,Tactical waifu,HDBeast,Astreauxboy,Sir Rayne,Flammable Taco,RonoJ,Herpuy,",https://na.op.gg/multi/query=
USF Challenegered Team,South-east,/lol/teams/11356,10,1,21,2,Gold 3,14,Silver 3,10,"['Sea Lıon', 'WinterShadow', 'The0akDwarf', 'td the goat', 'elchiki29', 'a big dinosaur', 'GrooveMonkey', 'League of Limes', 'Firestorm9321', 'Saintflapjack']","https://na.op.gg/multi/query=Sea Lıon,WinterShadow,The0akDwarf,td the goat,elchiki29,a big dinosaur,GrooveMonkey,League of Limes,Firestorm9321,Saintflapjack,",https://na.op.gg/multi/query=
UCR C TWO,South-west | 2,/lol/teams/11241,7,2,16,5,Gold 2,15,Gold 2,15,"['Shybe', 'Anchan Mikan', 'Kangstaa', 'll Koreabo0ps ll', 'TheGreenPhoenix', 'Stratégy', 'YourLastBreath']","https://na.op.gg/multi/query=Shybe,Anchan Mikan,Kangstaa,ll Koreabo0ps ll,TheGreenPhoenix,Stratégy,YourLastBreath,",https://na.op.gg/multi/query=
PCT Default Untitled,North-east | 2,/lol/teams/9211,9,1,18,2,Gold 3,14,Gold 3,14,"['Wide Hips', 'Meptora', 'Decentlizard56', 'Hypha', 'illmatiik', 'FweakinTurtle', 'DO0', 'Modnightgamer']","https://na.op.gg/multi/query=Wide Hips,Meptora,Decentlizard56,Hypha,illmatiik,FweakinTurtle,DO0,Modnightgamer,",https://na.op.gg/multi/query=
ITE Div III,Central | 3,/lol/teams/9543,10,2,21,4,Gold 1,16,Gold 2,15,"['WickedScotty', 'PirateWindows', 'Jmars9', 'VulcanMittens', 'BOBBY SCH', 'Cheese And Eggs', 'The Rickiest', 'Orima', 'Ápéx', 'Despierogi']","https://na.op.gg/multi/query=WickedScotty,PirateWindows,Jmars9,VulcanMittens,BOBBY SCH,Cheese And Eggs,The Rickiest,Orima,Ápéx,Despierogi,",https://na.op.gg/multi/query=
UNCC E Team,East,/lol/teams/10411,9,2,18,6,Gold 1,16,Gold 2,15,"['Logar LeGrand', 'PykeNyte', 'BuffsOverNexus', 'nigerian hokage', 'darkdragon3760', 'Amith', 'TurkeyCapper', 'Sky388', 'SkyBurnerX']","https://na.op.gg/multi/query=Logar LeGrand,PykeNyte,BuffsOverNexus,nigerian hokage,darkdragon3760,Amith,TurkeyCapper,Sky388,SkyBurnerX,",https://na.op.gg/multi/query=
UAH Charger Yellow,South-east,/lol/teams/8822,8,2,16,5,Gold 2,15,Gold 4,13,"['Grabgnar410', 'UAH Kapitan', 'DuckyXD', 'TheTopHatLord', 'Twab', 'wtfdotjpg', 'ShantBeReformed', 'SpookySpookyDoo', 'TomoTaco', 'The Frootloop']","https://na.op.gg/multi/query=Grabgnar410,UAH Kapitan,DuckyXD,TheTopHatLord,Twab,wtfdotjpg,ShantBeReformed,SpookySpookyDoo,TomoTaco,The Frootloop,",https://na.op.gg/multi/query=
KSU Sentinels,East,/lol/teams/9452,8,3,17,7,Gold 3,14,Silver 1,12,"['TrueDamage AkaIi', 'Nderoj', 'C9Penguinz', 'KSUChronic', 'edchac99', 'LinedFury', 'Fletcher32']","https://na.op.gg/multi/query=TrueDamage AkaIi,Nderoj,C9Penguinz,KSUChronic,edchac99,LinedFury,Fletcher32,",https://na.op.gg/multi/query=
Akron Zips Club Silver,North-east | 2,/lol/teams/7422,7,4,15,8,Gold 4,13,Silver 2,11,"['Sloppy Joe', 'MrKiwiism', 'BrotherKingYugo', 'pumpkinIRL', 'MrCookieYt', 'Estøc', 'Krishon10', 'Necromancer54', 'Khaiiiiii', 'Jawani', 'bobbyjoegree']","https://na.op.gg/multi/query=Sloppy Joe,MrKiwiism,BrotherKingYugo,pumpkinIRL,MrCookieYt,Estøc,Krishon10,Necromancer54,Khaiiiiii,Jawani,","https://na.op.gg/multi/query=bobbyjoegree,"
League of Beavers,Central | 2,/lol/teams/7709,12,0,24,2,Gold 3,14,Gold 4,13,"['failenmagyk', 'Guitar Hero 3', 'hitrgiz87', 'Wolf21810', 'DatVuze47', 'xXSNEAKYNlNJAXx', 'MáRin']","https://na.op.gg/multi/query=failenmagyk,Guitar Hero 3,hitrgiz87,Wolf21810,DatVuze47,xXSNEAKYNlNJAXx,MáRin,",https://na.op.gg/multi/query=
Baron Nassau V Black,North-east | 5,/lol/teams/8994,10,0,20,0,Gold 1,16,Gold 2,15,"['TheRealDeal360', 'ScrubLordPatrick', 'TOMMTOMMBOM', 'JaggedLightning', 'ktsao7', 'spicyyyy', 'Barboach']","https://na.op.gg/multi/query=TheRealDeal360,ScrubLordPatrick,TOMMTOMMBOM,JaggedLightning,ktsao7,spicyyyy,Barboach,",https://na.op.gg/multi/query=
Golden Owls,South-east,/lol/teams/9980,8,3,17,7,Gold 2,15,Silver 4,9,"['Fossil Dyna', 'rocklionmba15', 'Burue', 'ROHIT212001', 'NotSoCoolAugust', 'Sìnbad', 'Kyuubi']","https://na.op.gg/multi/query=Fossil Dyna,rocklionmba15,Burue,ROHIT212001,NotSoCoolAugust,Sìnbad,Kyuubi,",https://na.op.gg/multi/query=
UD VGTC JVTwo Team,North-east | 3,/lol/teams/6530,11,0,22,4,Gold 2,15,Gold 4,13,"['IntoTheDusk', 'The Sad Hooker', 'Roulette X', 'majestic monkey5', 'cuprehan', 'A Jaywalker', 'ZzWww', 'Mother Hunter H', 'bamboohorse', 'Zhenphos']","https://na.op.gg/multi/query=IntoTheDusk,The Sad Hooker,Roulette X,majestic monkey5,cuprehan,A Jaywalker,ZzWww,Mother Hunter H,bamboohorse,Zhenphos,",https://na.op.gg/multi/query=
LoL Gold B,North,/lol/teams/10195,7,4,14,10,Silver 3,10,Silver 4,9,"['LU elitewatcher', 'DorisNutBust', 'LU Cloudan', 'LU Majority', 'LU Crash', 'UncleVincenzo', 'Zookini']","https://na.op.gg/multi/query=LU elitewatcher,DorisNutBust,LU Cloudan,LU Majority,LU Crash,UncleVincenzo,Zookini,",https://na.op.gg/multi/query=
UToledo Esports JV Team,North-east | 3,/lol/teams/8955,10,1,20,4,Gold 2,15,Gold 4,13,"['MasterTurtle88', 'Kasutoku', 'csof', 'X80HDgraphicsX', 'Keaen', 'Stand Ready', 'Hippodog', 'fat tigers123', 'The Orical']","https://na.op.gg/multi/query=MasterTurtle88,Kasutoku,csof,X80HDgraphicsX,Keaen,Stand Ready,Hippodog,fat tigers123,The Orical,",https://na.op.gg/multi/query=
KansasState That tasted Purple,Central | 2,/lol/teams/6370,8,4,19,8,Gold 1,16,Silver 2,11,"['0 Shyguy 0', 'Efam', 'Duckster', 'Adalintor', 'TheCrimsonFlare', 'MMin74', 'Karmabell', 'Thunderguy5767', 'Uncappedbeef6']","https://na.op.gg/multi/query=0 Shyguy 0,Efam,Duckster,Adalintor,TheCrimsonFlare,MMin74,Karmabell,Thunderguy5767,Uncappedbeef6,",https://na.op.gg/multi/query=
Rock.lol White,North-east | 2,/lol/teams/8899,9,2,18,4,Gold 3,14,Silver 1,12,"['hi im gilin', 'Gigabyted', 'Känra', 'FrostFlower11', 'Fireofbob', 'Mookman111', 'Fmaya18', 'bookshark13', 'Kocksy']","https://na.op.gg/multi/query=hi im gilin,Gigabyted,Känra,FrostFlower11,Fireofbob,Mookman111,Fmaya18,bookshark13,Kocksy,",https://na.op.gg/multi/query=
SC Esports Gold Team,South-west | 1,/lol/teams/10627,9,3,19,8,Gold 2,15,Gold 3,14,"['Zephyraphim', 'Luwucian', 'Mimirore', 'asianshenanigans', 'USC Fonzie', 'NeelS']","https://na.op.gg/multi/query=Zephyraphim,Luwucian,Mimirore,asianshenanigans,USC Fonzie,NeelS,",https://na.op.gg/multi/query=
Northwestern Mildcats,Central | 3,/lol/teams/10341,11,1,22,5,Gold 1,16,Silver 1,12,"['thesecrettaco', 'Sharp104', 'Liucifer20', 'postoso', 'Scrumptious Pie', 'Naythen', 'Silenttake', 'Epic Burger', 'Blazesear', 'espyxd', 'win2feed2win']","https://na.op.gg/multi/query=thesecrettaco,Sharp104,Liucifer20,postoso,Scrumptious Pie,Naythen,Silenttake,Epic Burger,Blazesear,espyxd,","https://na.op.gg/multi/query=win2feed2win,"
University of Manitoba JV Two,Central | 4,/lol/teams/11168,8,2,16,4,Gold 1,16,Gold 3,14,"['cagl1', 'Pleb Jiraiya', 'Kopec', 'Chenky', 'princessgaming99', 'Ronrush22', 'Noidea121', 'Dave Nipples']","https://na.op.gg/multi/query=cagl1,Pleb Jiraiya,Kopec,Chenky,princessgaming99,Ronrush22,Noidea121,Dave Nipples,",https://na.op.gg/multi/query=
DePaul Blue Demons - III,Central | 3,/lol/teams/11341,11,1,23,4,Gold 1,16,Gold 2,15,"['Elerbee', 'Alpha Katie', 'withextrasauce', 'FreakyTendons', 'Lovelåce', 'DouYuTV Wh1t3zZ', 'The Dejhinerate', 'Syaro']","https://na.op.gg/multi/query=Elerbee,Alpha Katie,withextrasauce,FreakyTendons,Lovelåce,DouYuTV Wh1t3zZ,The Dejhinerate,Syaro,",https://na.op.gg/multi/query=
WWU Gold B,North-west,/lol/teams/9901,7,4,14,10,Gold 2,15,Gold 3,14,"['Frozen in Warmth', 'Ingeborg', 'kingslàyer', 'l Ô w Ô l', 'magmasuns', 'Art3misss', 'andilard']","https://na.op.gg/multi/query=Frozen in Warmth,Ingeborg,kingslàyer,l Ô w Ô l,magmasuns,Art3misss,andilard,",https://na.op.gg/multi/query=
Piltover Pokes C Team,Central | 2,/lol/teams/9408,10,2,21,8,Gold 2,15,Silver 1,12,"['Skeletonjacksaw', 'Brinticus', 'Playful Sadist', 'No Fear Matson', 'Relic007', 'Manivn', 'Mindu22', 'SoSeol', 'Tëtra', 'Houya']","https://na.op.gg/multi/query=Skeletonjacksaw,Brinticus,Playful Sadist,No Fear Matson,Relic007,Manivn,Mindu22,SoSeol,Tëtra,Houya,",https://na.op.gg/multi/query=
CSU Rams Gold,Central | 2,/lol/teams/9009,9,2,18,6,Gold 1,16,Gold 4,13,"['denon39', 'DrewMoo', 'AlluringTiger', 'Bginna', 'Smacky Da Pappy', 'Shaqtus juice', 'Libertuš', 'Jewberry25', 'beev', 'NuclearNick007']","https://na.op.gg/multi/query=denon39,DrewMoo,AlluringTiger,Bginna,Smacky Da Pappy,Shaqtus juice,Libertuš,Jewberry25,beev,NuclearNick007,",https://na.op.gg/multi/query=
