name,team,region,rank,rankValue,op.gg
Godllycookie,Brock Junior varsity,North,Gold 3,14,https://na.op.gg/summoner/userName=Godllycookie
PurePhoenix,Brock Junior varsity,North,Gold 4,13,https://na.op.gg/summoner/userName=PurePhoenix
zeWolfy,Brock Junior varsity,North,Gold 1,16,https://na.op.gg/summoner/userName=zeWolfy
Fråwt,Brock Junior varsity,North,Gold 3,14,https://na.op.gg/summoner/userName=Fråwt
PandaTwice,Brock Junior varsity,North,Gold 1,16,https://na.op.gg/summoner/userName=PandaTwice
H0BBES,Brock Junior varsity,North,Gold 3,14,https://na.op.gg/summoner/userName=H0BBES
xwalford,Brock Junior varsity,North,Gold 3,14,https://na.op.gg/summoner/userName=xwalford
Quickfoxyt,Brock Junior varsity,North,Gold 1,16,https://na.op.gg/summoner/userName=Quickfoxyt
Infłux,Brock Junior varsity,North,Gold 1,16,https://na.op.gg/summoner/userName=Infłux
kuroboo22,UCD Aggie Gold,South-west | 2,Gold 4,13,https://na.op.gg/summoner/userName=kuroboo22
Kunjie,UCD Aggie Gold,South-west | 2,Gold 2,15,https://na.op.gg/summoner/userName=Kunjie
Nightluna,UCD Aggie Gold,South-west | 2,Gold 4,13,https://na.op.gg/summoner/userName=Nightluna
La Ruche7,UCD Aggie Gold,South-west | 2,Silver 1,12,https://na.op.gg/summoner/userName=La Ruche7
Pseudonomous,UCD Aggie Gold,South-west | 2,Gold 1,16,https://na.op.gg/summoner/userName=Pseudonomous
The Infamous JMB,UCD Aggie Gold,South-west | 2,NOT INPUT,-1,https://na.op.gg/summoner/userName=The Infamous JMB
xXC4N4D4Xx,UCD Aggie Gold,South-west | 2,Gold 4,13,https://na.op.gg/summoner/userName=xXC4N4D4Xx
Ghostofnoname,Cal Pizzly Bears,South-west | 1,NOT INPUT,-1,https://na.op.gg/summoner/userName=Ghostofnoname
Forepiay,Cal Pizzly Bears,South-west | 1,Gold 2,15,https://na.op.gg/summoner/userName=Forepiay
Firestar96,Cal Pizzly Bears,South-west | 1,Gold 3,14,https://na.op.gg/summoner/userName=Firestar96
Gelo,Cal Pizzly Bears,South-west | 1,Gold 1,16,https://na.op.gg/summoner/userName=Gelo
too spicy,Cal Pizzly Bears,South-west | 1,Gold 4,13,https://na.op.gg/summoner/userName=too spicy
TheGoodSamaritan,Cal Pizzly Bears,South-west | 1,Gold 1,16,https://na.op.gg/summoner/userName=TheGoodSamaritan
Sinnlos,UTSA Gold,Central | 1,Gold 1,16,https://na.op.gg/summoner/userName=Sinnlos
yasirq,UTSA Gold,Central | 1,Gold 3,14,https://na.op.gg/summoner/userName=yasirq
luisever,UTSA Gold,Central | 1,Gold 1,16,https://na.op.gg/summoner/userName=luisever
TheshackledOne,UTSA Gold,Central | 1,Bronze 1,8,https://na.op.gg/summoner/userName=TheshackledOne
Reptune,UTSA Gold,Central | 1,Gold 4,13,https://na.op.gg/summoner/userName=Reptune
Virchek,UTSA Gold,Central | 1,Gold 4,13,https://na.op.gg/summoner/userName=Virchek
VenomStriker5,UTSA Gold,Central | 1,Gold 2,15,https://na.op.gg/summoner/userName=VenomStriker5
Mespai,UTSA Gold,Central | 1,NOT INPUT,-1,https://na.op.gg/summoner/userName=Mespai
SNACC Ramen Toe,UTSA Gold,Central | 1,Gold 4,13,https://na.op.gg/summoner/userName=SNACC Ramen Toe
Vinhilla,UTSA Gold,Central | 1,Gold 4,13,https://na.op.gg/summoner/userName=Vinhilla
Eberron,UTSA Gold,Central | 1,Gold 2,15,https://na.op.gg/summoner/userName=Eberron
Kaibully,UMBC Funky Fellas,North-east | 3,Gold 3,14,https://na.op.gg/summoner/userName=Kaibully
GrandG1331,UMBC Funky Fellas,North-east | 3,Gold 3,14,https://na.op.gg/summoner/userName=GrandG1331
Datalor,UMBC Funky Fellas,North-east | 3,Gold 3,14,https://na.op.gg/summoner/userName=Datalor
zonicboom,UMBC Funky Fellas,North-east | 3,Gold 1,16,https://na.op.gg/summoner/userName=zonicboom
jùju,UMBC Funky Fellas,North-east | 3,Gold 2,15,https://na.op.gg/summoner/userName=jùju
OtterGeneral,UMBC Funky Fellas,North-east | 3,Bronze 1,8,https://na.op.gg/summoner/userName=OtterGeneral
Dast,UMBC Funky Fellas,North-east | 3,Gold 2,15,https://na.op.gg/summoner/userName=Dast
A Dandy Guy,EGDCollective - Team Alpha,North-east | 4,Gold 1,16,https://na.op.gg/summoner/userName=A Dandy Guy
Gummybearxz,EGDCollective - Team Alpha,North-east | 4,Gold 4,13,https://na.op.gg/summoner/userName=Gummybearxz
Rodek,EGDCollective - Team Alpha,North-east | 4,Gold 4,13,https://na.op.gg/summoner/userName=Rodek
Getfred4thebelt,EGDCollective - Team Alpha,North-east | 4,Gold 4,13,https://na.op.gg/summoner/userName=Getfred4thebelt
88Ryzing,EGDCollective - Team Alpha,North-east | 4,Gold 4,13,https://na.op.gg/summoner/userName=88Ryzing
KaiIIou,EGDCollective - Team Alpha,North-east | 4,Gold 2,15,https://na.op.gg/summoner/userName=KaiIIou
SouperPlatypus,EGDCollective - Team Alpha,North-east | 4,Silver 2,11,https://na.op.gg/summoner/userName=SouperPlatypus
PTeXD,EGDCollective - Team Alpha,North-east | 4,NOT INPUT,-1,https://na.op.gg/summoner/userName=PTeXD
FluffyDay,EGDCollective - Team Alpha,North-east | 4,Gold 2,15,https://na.op.gg/summoner/userName=FluffyDay
MY JG FK SKS,EGDCollective - Team Alpha,North-east | 4,Gold 4,13,https://na.op.gg/summoner/userName=MY JG FK SKS
musik2love,EGDCollective - Team Alpha,North-east | 4,Silver 2,11,https://na.op.gg/summoner/userName=musik2love
Lunagray,EGDCollective - Team Alpha,North-east | 4,Gold 4,13,https://na.op.gg/summoner/userName=Lunagray
BlurryFlurry,UB Team C,North-east | 4,NOT INPUT,-1,https://na.op.gg/summoner/userName=BlurryFlurry
Oblivion Walker8,UB Team C,North-east | 4,Gold 3,14,https://na.op.gg/summoner/userName=Oblivion Walker8
jaay,UB Team C,North-east | 4,Gold 1,16,https://na.op.gg/summoner/userName=jaay
Master9000,UB Team C,North-east | 4,Gold 4,13,https://na.op.gg/summoner/userName=Master9000
Natz01,UB Team C,North-east | 4,Gold 3,14,https://na.op.gg/summoner/userName=Natz01
Lil Dev,UB Team C,North-east | 4,Gold 2,15,https://na.op.gg/summoner/userName=Lil Dev
Nejisense651,UB Team C,North-east | 4,Gold 4,13,https://na.op.gg/summoner/userName=Nejisense651
Geobird,UB Team C,North-east | 4,NOT INPUT,-1,https://na.op.gg/summoner/userName=Geobird
forêt,UB Team C,North-east | 4,Silver 2,11,https://na.op.gg/summoner/userName=forêt
rThSoNancy,UB Team C,North-east | 4,Gold 1,16,https://na.op.gg/summoner/userName=rThSoNancy
NietzchesLeachie,UB Team C,North-east | 4,Bronze 2,7,https://na.op.gg/summoner/userName=NietzchesLeachie
Seihiro,UB Team C,North-east | 4,Silver 1,12,https://na.op.gg/summoner/userName=Seihiro
JaggedLightning,Baron Nassau V Orange,North-east | 5,Gold 1,16,https://na.op.gg/summoner/userName=JaggedLightning
OreTenebrae,Baron Nassau V Orange,North-east | 5,Gold 4,13,https://na.op.gg/summoner/userName=OreTenebrae
Hydrom YT,Baron Nassau V Orange,North-east | 5,RANK NOT FOUND,0,https://na.op.gg/summoner/userName=Hydrom YT
juanjesusDH,Baron Nassau V Orange,North-east | 5,Gold 1,16,https://na.op.gg/summoner/userName=juanjesusDH
selepy,Baron Nassau V Orange,North-east | 5,Gold 1,16,https://na.op.gg/summoner/userName=selepy
Surp69,Baron Nassau V Orange,North-east | 5,Gold 3,14,https://na.op.gg/summoner/userName=Surp69
olisboxer99,Baron Nassau V Orange,North-east | 5,Gold 1,16,https://na.op.gg/summoner/userName=olisboxer99
Kubtops,Baron Nassau V Orange,North-east | 5,Gold 3,14,https://na.op.gg/summoner/userName=Kubtops
ElementiDragon,Baron Nassau V Orange,North-east | 5,Silver 3,10,https://na.op.gg/summoner/userName=ElementiDragon
Kev0ut,Baron Nassau V Orange,North-east | 5,Gold 3,14,https://na.op.gg/summoner/userName=Kev0ut
CaitdidJFK,NJIT C,North-east | 5,Silver 1,12,https://na.op.gg/summoner/userName=CaitdidJFK
chomp1110,NJIT C,North-east | 5,Silver 4,9,https://na.op.gg/summoner/userName=chomp1110
Resvoir,NJIT C,North-east | 5,Silver 2,11,https://na.op.gg/summoner/userName=Resvoir
Øctave,NJIT C,North-east | 5,Gold 4,13,https://na.op.gg/summoner/userName=Øctave
Dawnpression nya,NJIT C,North-east | 5,Gold 4,13,https://na.op.gg/summoner/userName=Dawnpression nya
Kil13rofDeath,NJIT C,North-east | 5,Gold 3,14,https://na.op.gg/summoner/userName=Kil13rofDeath
Aquiii,NJIT C,North-east | 5,Silver 3,10,https://na.op.gg/summoner/userName=Aquiii
trindomeer,NJIT C,North-east | 5,Gold 3,14,https://na.op.gg/summoner/userName=trindomeer
Yassuo1Trk,NJIT C,North-east | 5,RANK NOT FOUND,0,https://na.op.gg/summoner/userName=Yassuo1Trk
ddemartini,NJIT C,North-east | 5,Silver 3,10,https://na.op.gg/summoner/userName=ddemartini
Vict0rRe4Me,MNSU Gold,Central | 4,Gold 1,16,https://na.op.gg/summoner/userName=Vict0rRe4Me
x lolcats,MNSU Gold,Central | 4,Gold 4,13,https://na.op.gg/summoner/userName=x lolcats
trippleDragon,MNSU Gold,Central | 4,Gold 1,16,https://na.op.gg/summoner/userName=trippleDragon
TinyMidget168,MNSU Gold,Central | 4,Gold 4,13,https://na.op.gg/summoner/userName=TinyMidget168
Mmclle,MNSU Gold,Central | 4,Gold 4,13,https://na.op.gg/summoner/userName=Mmclle
Ewook,MNSU Gold,Central | 4,Gold 3,14,https://na.op.gg/summoner/userName=Ewook
L9 PREDAT0R,MNSU Gold,Central | 4,Gold 2,15,https://na.op.gg/summoner/userName=L9 PREDAT0R
BALMAIN Paris,MNSU Gold,Central | 4,Silver 1,12,https://na.op.gg/summoner/userName=BALMAIN Paris
dekangyan54,MNSU Gold,Central | 4,Gold 3,14,https://na.op.gg/summoner/userName=dekangyan54
Sinocavalier,MNSU Gold,Central | 4,RANK NOT FOUND,0,https://na.op.gg/summoner/userName=Sinocavalier
Aerisun,SBU Golden Baboons,North-east | 4,Gold 3,14,https://na.op.gg/summoner/userName=Aerisun
DyNasty121,SBU Golden Baboons,North-east | 4,Gold 4,13,https://na.op.gg/summoner/userName=DyNasty121
Kilzzy,SBU Golden Baboons,North-east | 4,Gold 2,15,https://na.op.gg/summoner/userName=Kilzzy
Piano Max,SBU Golden Baboons,North-east | 4,Gold 3,14,https://na.op.gg/summoner/userName=Piano Max
jstocs5,SBU Golden Baboons,North-east | 4,Gold 1,16,https://na.op.gg/summoner/userName=jstocs5
McSlap,SBU Golden Baboons,North-east | 4,NOT INPUT,-1,https://na.op.gg/summoner/userName=McSlap
Shuya Camui,SBU Golden Baboons,North-east | 4,Gold 4,13,https://na.op.gg/summoner/userName=Shuya Camui
Deprusion,SBU Golden Baboons,North-east | 4,Gold 1,16,https://na.op.gg/summoner/userName=Deprusion
Caikness,SBU Golden Baboons,North-east | 4,Gold 3,14,https://na.op.gg/summoner/userName=Caikness
CapBarbosa,Bronco Esports Rice Paper,South-west | 1,Gold 3,14,https://na.op.gg/summoner/userName=CapBarbosa
PineappleFear,Bronco Esports Rice Paper,South-west | 1,Gold 2,15,https://na.op.gg/summoner/userName=PineappleFear
J0NX2,Bronco Esports Rice Paper,South-west | 1,Gold 2,15,https://na.op.gg/summoner/userName=J0NX2
Chaotic978,Bronco Esports Rice Paper,South-west | 1,Gold 3,14,https://na.op.gg/summoner/userName=Chaotic978
Dumbledore Mid,Bronco Esports Rice Paper,South-west | 1,Gold 2,15,https://na.op.gg/summoner/userName=Dumbledore Mid
skatepoiser,Bronco Esports Rice Paper,South-west | 1,NOT INPUT,-1,https://na.op.gg/summoner/userName=skatepoiser
Mêrit,Bronco Esports Rice Paper,South-west | 1,Gold 4,13,https://na.op.gg/summoner/userName=Mêrit
battleship2424,Bronco Esports Rice Paper,South-west | 1,Gold 4,13,https://na.op.gg/summoner/userName=battleship2424
PolyLens,Bronco Esports Rice Paper,South-west | 1,Gold 4,13,https://na.op.gg/summoner/userName=PolyLens
Slurpe,RMU Team Red,North-east | 2,Silver 2,11,https://na.op.gg/summoner/userName=Slurpe
LoefBloek,RMU Team Red,North-east | 2,Gold 4,13,https://na.op.gg/summoner/userName=LoefBloek
Mittica,RMU Team Red,North-east | 2,Gold 2,15,https://na.op.gg/summoner/userName=Mittica
Strandomintoo,RMU Team Red,North-east | 2,Gold 1,16,https://na.op.gg/summoner/userName=Strandomintoo
Lanks,RMU Team Red,North-east | 2,Unranked,0,https://na.op.gg/summoner/userName=Lanks
xillnoc,RMU Team Red,North-east | 2,Gold 1,16,https://na.op.gg/summoner/userName=xillnoc
Gir Knives,RMU Team Red,North-east | 2,Gold 4,13,https://na.op.gg/summoner/userName=Gir Knives
russ217187,RMU Team Red,North-east | 2,Gold 2,15,https://na.op.gg/summoner/userName=russ217187
NormTrooper67,RMU Team Red,North-east | 2,RANK NOT FOUND,0,https://na.op.gg/summoner/userName=NormTrooper67
NFC412,RMU Team Red,North-east | 2,Bronze 3,6,https://na.op.gg/summoner/userName=NFC412
MonkWisdom,RMU Team Red,North-east | 2,Bronze 1,8,https://na.op.gg/summoner/userName=MonkWisdom
highly corrosive,RMU Team Red,North-east | 2,Silver 4,9,https://na.op.gg/summoner/userName=highly corrosive
Imwhipped,RMU Team Red,North-east | 2,Unranked,0,https://na.op.gg/summoner/userName=Imwhipped
ShadowKyng,RMU Team Red,North-east | 2,Gold 3,14,https://na.op.gg/summoner/userName=ShadowKyng
Mrbenjamin69,UHM Gold,South-west | 2,Gold 4,13,https://na.op.gg/summoner/userName=Mrbenjamin69
Kuìro,UHM Gold,South-west | 2,Gold 2,15,https://na.op.gg/summoner/userName=Kuìro
thirtiethspark5,UHM Gold,South-west | 2,Gold 4,13,https://na.op.gg/summoner/userName=thirtiethspark5
Aureleei,UHM Gold,South-west | 2,Gold 3,14,https://na.op.gg/summoner/userName=Aureleei
cGxOqSean,UHM Gold,South-west | 2,Silver 1,12,https://na.op.gg/summoner/userName=cGxOqSean
Ryzae,UHM Gold,South-west | 2,NOT INPUT,-1,https://na.op.gg/summoner/userName=Ryzae
misticalhearts,UHM Gold,South-west | 2,Gold 4,13,https://na.op.gg/summoner/userName=misticalhearts
Poobin,UHM Gold,South-west | 2,Gold 2,15,https://na.op.gg/summoner/userName=Poobin
Seratoh,UHM Gold,South-west | 2,Silver 1,12,https://na.op.gg/summoner/userName=Seratoh
Magicgateway,UHM Gold,South-west | 2,Silver 2,11,https://na.op.gg/summoner/userName=Magicgateway
Socheatha,UHM Gold,South-west | 2,Silver 1,12,https://na.op.gg/summoner/userName=Socheatha
EdgarIsAPoe,UVM Gold,North-east | 5,Gold 4,13,https://na.op.gg/summoner/userName=EdgarIsAPoe
Macro xD,UVM Gold,North-east | 5,NOT INPUT,-1,https://na.op.gg/summoner/userName=Macro xD
ACon Excalibur,UVM Gold,North-east | 5,Gold 4,13,https://na.op.gg/summoner/userName=ACon Excalibur
I JWW I,UVM Gold,North-east | 5,Gold 1,16,https://na.op.gg/summoner/userName=I JWW I
Taigerlol,UVM Gold,North-east | 5,Gold 4,13,https://na.op.gg/summoner/userName=Taigerlol
HotSweatyLads,UVM Gold,North-east | 5,Gold 1,16,https://na.op.gg/summoner/userName=HotSweatyLads
Owlery,Uvic Vikings,North-west,RANK NOT FOUND,0,https://na.op.gg/summoner/userName=Owlery
Linzek,Uvic Vikings,North-west,NOT INPUT,-1,https://na.op.gg/summoner/userName=Linzek
TheMightyMeercat,Uvic Vikings,North-west,Gold 3,14,https://na.op.gg/summoner/userName=TheMightyMeercat
LambertyTa,Uvic Vikings,North-west,Silver 1,12,https://na.op.gg/summoner/userName=LambertyTa
Fycus,LU Navy,North-east | 1,Gold 1,16,https://na.op.gg/summoner/userName=Fycus
TwilightTigress,LU Navy,North-east | 1,Gold 4,13,https://na.op.gg/summoner/userName=TwilightTigress
JJtheBigThot,LU Navy,North-east | 1,Gold 1,16,https://na.op.gg/summoner/userName=JJtheBigThot
Aneiron,LU Navy,North-east | 1,Gold 3,14,https://na.op.gg/summoner/userName=Aneiron
Çrøss,LU Navy,North-east | 1,Gold 2,15,https://na.op.gg/summoner/userName=Çrøss
StarHunter36,LU Navy,North-east | 1,Gold 3,14,https://na.op.gg/summoner/userName=StarHunter36
shieldflyer,LU Navy,North-east | 1,Gold 4,13,https://na.op.gg/summoner/userName=shieldflyer
Cyborg Dragon,LU Navy,North-east | 1,Gold 4,13,https://na.op.gg/summoner/userName=Cyborg Dragon
pyrpop,La Flama Blanca,North,Gold 1,16,https://na.op.gg/summoner/userName=pyrpop
IFlyte,La Flama Blanca,North,Gold 3,14,https://na.op.gg/summoner/userName=IFlyte
StoneSlash52,La Flama Blanca,North,Silver 2,11,https://na.op.gg/summoner/userName=StoneSlash52
kevinpang,La Flama Blanca,North,Gold 3,14,https://na.op.gg/summoner/userName=kevinpang
4skinmuncher,La Flama Blanca,North,Gold 1,16,https://na.op.gg/summoner/userName=4skinmuncher
Akzinator,La Flama Blanca,North,Gold 3,14,https://na.op.gg/summoner/userName=Akzinator
mohaimenxzcx,La Flama Blanca,North,Gold 2,15,https://na.op.gg/summoner/userName=mohaimenxzcx
Bobthebuilder223,UCR C ONE,South-west | 2,NOT INPUT,-1,https://na.op.gg/summoner/userName=Bobthebuilder223
180cm,UCR C ONE,South-west | 2,Silver 1,12,https://na.op.gg/summoner/userName=180cm
Kant Kite,UCR C ONE,South-west | 2,Gold 2,15,https://na.op.gg/summoner/userName=Kant Kite
AZlR,UCR C ONE,South-west | 2,Gold 3,14,https://na.op.gg/summoner/userName=AZlR
5DemandsNot1Less,UCR C ONE,South-west | 2,Gold 1,16,https://na.op.gg/summoner/userName=5DemandsNot1Less
JJoon,UCR C ONE,South-west | 2,Gold 2,15,https://na.op.gg/summoner/userName=JJoon
Dakishimeru,UCR C ONE,South-west | 2,Gold 3,14,https://na.op.gg/summoner/userName=Dakishimeru
wynntastic,UCR C ONE,South-west | 2,Gold 1,16,https://na.op.gg/summoner/userName=wynntastic
pumpkinIRL,Akron Zips Club Gold,North-east | 1,Gold 1,16,https://na.op.gg/summoner/userName=pumpkinIRL
Maltier,Akron Zips Club Gold,North-east | 1,NOT INPUT,-1,https://na.op.gg/summoner/userName=Maltier
Xen0nz,Akron Zips Club Gold,North-east | 1,Silver 2,11,https://na.op.gg/summoner/userName=Xen0nz
Wooderson,Akron Zips Club Gold,North-east | 1,Silver 1,12,https://na.op.gg/summoner/userName=Wooderson
woofpack3,Akron Zips Club Gold,North-east | 1,Silver 3,10,https://na.op.gg/summoner/userName=woofpack3
joesh23,Akron Zips Club Gold,North-east | 1,Gold 1,16,https://na.op.gg/summoner/userName=joesh23
Drina,Akron Zips Club Gold,North-east | 1,Gold 3,14,https://na.op.gg/summoner/userName=Drina
bubly,SFU Academy Black,North-west,Gold 2,15,https://na.op.gg/summoner/userName=bubly
Incoming Nerf,SFU Academy Black,North-west,Unranked,0,https://na.op.gg/summoner/userName=Incoming Nerf
Murasakibara,SFU Academy Black,North-west,Gold 2,15,https://na.op.gg/summoner/userName=Murasakibara
NoCooldowns,SFU Academy Black,North-west,Gold 3,14,https://na.op.gg/summoner/userName=NoCooldowns
SpecialtyNougeht,SFU Academy Black,North-west,Gold 4,13,https://na.op.gg/summoner/userName=SpecialtyNougeht
Lullencia,SFU Academy Black,North-west,NOT INPUT,-1,https://na.op.gg/summoner/userName=Lullencia
FlaminMadman,SFU Academy Black,North-west,Gold 1,16,https://na.op.gg/summoner/userName=FlaminMadman
Plö,SFU Academy Black,North-west,Gold 2,15,https://na.op.gg/summoner/userName=Plö
Nyat,UofA Gold,North-west,Gold 1,16,https://na.op.gg/summoner/userName=Nyat
Glitchy Shadow,UofA Gold,North-west,Bronze 1,8,https://na.op.gg/summoner/userName=Glitchy Shadow
Sømå,UofA Gold,North-west,Gold 3,14,https://na.op.gg/summoner/userName=Sømå
Cyroean Maji,UofA Gold,North-west,Silver 1,12,https://na.op.gg/summoner/userName=Cyroean Maji
WITHINSANITY,UofA Gold,North-west,Gold 3,14,https://na.op.gg/summoner/userName=WITHINSANITY
Ahroe,UofA Gold,North-west,Gold 1,16,https://na.op.gg/summoner/userName=Ahroe
win ok,UofA Gold,North-west,Gold 3,14,https://na.op.gg/summoner/userName=win ok
min012,UofA Gold,North-west,Gold 2,15,https://na.op.gg/summoner/userName=min012
BaguetteFresh,UofA Gold,North-west,Gold 3,14,https://na.op.gg/summoner/userName=BaguetteFresh
xGreen7,OU Infinite,North-east | 1,Gold 4,13,https://na.op.gg/summoner/userName=xGreen7
oop,OU Infinite,North-east | 1,Gold 4,13,https://na.op.gg/summoner/userName=oop
Foreign Guy,OU Infinite,North-east | 1,NOT INPUT,-1,https://na.op.gg/summoner/userName=Foreign Guy
Flabbyb,OU Infinite,North-east | 1,Gold 1,16,https://na.op.gg/summoner/userName=Flabbyb
Zakch,OU Infinite,North-east | 1,Gold 4,13,https://na.op.gg/summoner/userName=Zakch
RoxTytan,OU Infinite,North-east | 1,Gold 4,13,https://na.op.gg/summoner/userName=RoxTytan
TheAsianInvasion,OU Infinite,North-east | 1,NOT INPUT,-1,https://na.op.gg/summoner/userName=TheAsianInvasion
Gransee,MESC JV II A,Central | 4,Gold 2,15,https://na.op.gg/summoner/userName=Gransee
Spaghettius,MESC JV II A,Central | 4,Silver 1,12,https://na.op.gg/summoner/userName=Spaghettius
Tobiswirls24,MESC JV II A,Central | 4,Gold 1,16,https://na.op.gg/summoner/userName=Tobiswirls24
The Real JZ,MESC JV II A,Central | 4,Gold 1,16,https://na.op.gg/summoner/userName=The Real JZ
Donyatsuu,MESC JV II A,Central | 4,Gold 1,16,https://na.op.gg/summoner/userName=Donyatsuu
IPIasma,MESC JV II A,Central | 4,Gold 4,13,https://na.op.gg/summoner/userName=IPIasma
Sárnait,MESC JV II A,Central | 4,Gold 2,15,https://na.op.gg/summoner/userName=Sárnait
ahrikidding,Macronauts,North,NOT INPUT,-1,https://na.op.gg/summoner/userName=ahrikidding
SteamedBaozi,Macronauts,North,Gold 3,14,https://na.op.gg/summoner/userName=SteamedBaozi
möhad,Macronauts,North,Gold 2,15,https://na.op.gg/summoner/userName=möhad
EmoChanChan,Macronauts,North,Gold 2,15,https://na.op.gg/summoner/userName=EmoChanChan
VoodooKoala,Macronauts,North,Gold 1,16,https://na.op.gg/summoner/userName=VoodooKoala
dsotm0626,Macronauts,North,Gold 1,16,https://na.op.gg/summoner/userName=dsotm0626
Seito,Macronauts,North,Gold 3,14,https://na.op.gg/summoner/userName=Seito
P0is0nvx,LOLUTD TEAM LOU,Central | 1,NOT INPUT,-1,https://na.op.gg/summoner/userName=P0is0nvx
SquiMoo,LOLUTD TEAM LOU,Central | 1,Gold 1,16,https://na.op.gg/summoner/userName=SquiMoo
Dominion Endiel,LOLUTD TEAM LOU,Central | 1,Gold 3,14,https://na.op.gg/summoner/userName=Dominion Endiel
Wildfirre,LOLUTD TEAM LOU,Central | 1,Gold 4,13,https://na.op.gg/summoner/userName=Wildfirre
Thrillow,LOLUTD TEAM LOU,Central | 1,Gold 4,13,https://na.op.gg/summoner/userName=Thrillow
Faery,LOLUTD TEAM LOU,Central | 1,NOT INPUT,-1,https://na.op.gg/summoner/userName=Faery
S4xt0n,LOLUTD TEAM LOU,Central | 1,Silver 2,11,https://na.op.gg/summoner/userName=S4xt0n
bilalawan19,Kevin’s Needlessly Large Rods,North-east | 4,Gold 1,16,https://na.op.gg/summoner/userName=bilalawan19
Sienrid,Kevin’s Needlessly Large Rods,North-east | 4,Gold 4,13,https://na.op.gg/summoner/userName=Sienrid
Kermeat,Kevin’s Needlessly Large Rods,North-east | 4,Gold 3,14,https://na.op.gg/summoner/userName=Kermeat
UnaidedPleasure,Kevin’s Needlessly Large Rods,North-east | 4,Silver 3,10,https://na.op.gg/summoner/userName=UnaidedPleasure
SamsonOption,Kevin’s Needlessly Large Rods,North-east | 4,Gold 4,13,https://na.op.gg/summoner/userName=SamsonOption
404 JG NOT FOUND,Kevin’s Needlessly Large Rods,North-east | 4,Gold 1,16,https://na.op.gg/summoner/userName=404 JG NOT FOUND
Wywh,Kevin’s Needlessly Large Rods,North-east | 4,Gold 2,15,https://na.op.gg/summoner/userName=Wywh
paradoxxd,Kevin’s Needlessly Large Rods,North-east | 4,Gold 2,15,https://na.op.gg/summoner/userName=paradoxxd
Raj Te Lag Comp,Illinois Wesleyan JV,Central | 3,Gold 2,15,https://na.op.gg/summoner/userName=Raj Te Lag Comp
Ivory Keys,Illinois Wesleyan JV,Central | 3,Gold 1,16,https://na.op.gg/summoner/userName=Ivory Keys
Psapa,Illinois Wesleyan JV,Central | 3,NOT INPUT,-1,https://na.op.gg/summoner/userName=Psapa
FishH3adz,Illinois Wesleyan JV,Central | 3,Gold 4,13,https://na.op.gg/summoner/userName=FishH3adz
West Coast Carry,Illinois Wesleyan JV,Central | 3,NOT INPUT,-1,https://na.op.gg/summoner/userName=West Coast Carry
Caveau,Illinois Wesleyan JV,Central | 3,Gold 4,13,https://na.op.gg/summoner/userName=Caveau
Bicarbonate,Illinois Wesleyan JV,Central | 3,Gold 3,14,https://na.op.gg/summoner/userName=Bicarbonate
CoachFletcher,Illinois Wesleyan JV,Central | 3,NOT INPUT,-1,https://na.op.gg/summoner/userName=CoachFletcher
JerryFish,Illinois Wesleyan JV,Central | 3,Gold 3,14,https://na.op.gg/summoner/userName=JerryFish
Papa Jondu,Illinois Wesleyan JV,Central | 3,Gold 1,16,https://na.op.gg/summoner/userName=Papa Jondu
TheJodran,Esports at Florida State White,South-east,Gold 4,13,https://na.op.gg/summoner/userName=TheJodran
itsdune,Esports at Florida State White,South-east,Gold 1,16,https://na.op.gg/summoner/userName=itsdune
Mrman4321,Esports at Florida State White,South-east,Gold 4,13,https://na.op.gg/summoner/userName=Mrman4321
Armin546,Esports at Florida State White,South-east,Gold 4,13,https://na.op.gg/summoner/userName=Armin546
no cªp,Esports at Florida State White,South-east,Gold 3,14,https://na.op.gg/summoner/userName=no cªp
iEnvy,GTWHITE,East,Unranked,0,https://na.op.gg/summoner/userName=iEnvy
Shak,GTWHITE,East,Gold 2,15,https://na.op.gg/summoner/userName=Shak
Username10010,GTWHITE,East,Silver 1,12,https://na.op.gg/summoner/userName=Username10010
Chjvas,GTWHITE,East,Gold 4,13,https://na.op.gg/summoner/userName=Chjvas
TheChosenLegend,GTWHITE,East,Gold 2,15,https://na.op.gg/summoner/userName=TheChosenLegend
herrenchan,GTWHITE,East,Silver 3,10,https://na.op.gg/summoner/userName=herrenchan
Omega Guide,GTWHITE,East,Gold 3,14,https://na.op.gg/summoner/userName=Omega Guide
BetaWaifu,UTA Esports Zenith,Central | 1,Gold 2,15,https://na.op.gg/summoner/userName=BetaWaifu
Sxulstice,UTA Esports Zenith,Central | 1,Gold 1,16,https://na.op.gg/summoner/userName=Sxulstice
Semper Amicissim,UTA Esports Zenith,Central | 1,NOT INPUT,-1,https://na.op.gg/summoner/userName=Semper Amicissim
InfiKnight105,UTA Esports Zenith,Central | 1,Gold 1,16,https://na.op.gg/summoner/userName=InfiKnight105
Phantamos,UTA Esports Zenith,Central | 1,Gold 2,15,https://na.op.gg/summoner/userName=Phantamos
El TorgoNudho,UTA Esports Zenith,Central | 1,Gold 4,13,https://na.op.gg/summoner/userName=El TorgoNudho
Xibin,UTA Esports Zenith,Central | 1,Gold 3,14,https://na.op.gg/summoner/userName=Xibin
Android Derp,UTA Esports Zenith,Central | 1,Gold 1,16,https://na.op.gg/summoner/userName=Android Derp
Taste of Italy,UTA Esports Zenith,Central | 1,NOT INPUT,-1,https://na.op.gg/summoner/userName=Taste of Italy
Darkninja1296,UTA Esports Zenith,Central | 1,Gold 4,13,https://na.op.gg/summoner/userName=Darkninja1296
EmadTheTurk,UTA Esports Zenith,Central | 1,NOT INPUT,-1,https://na.op.gg/summoner/userName=EmadTheTurk
josh8far,GMU G Team,North-east | 1,RANK NOT FOUND,0,https://na.op.gg/summoner/userName=josh8far
SparklingNebula,GMU G Team,North-east | 1,Silver 3,10,https://na.op.gg/summoner/userName=SparklingNebula
Slugg0,GMU G Team,North-east | 1,Unranked,0,https://na.op.gg/summoner/userName=Slugg0
ceythzee,GMU G Team,North-east | 1,Gold 4,13,https://na.op.gg/summoner/userName=ceythzee
IotaReality,GMU G Team,North-east | 1,Silver 2,11,https://na.op.gg/summoner/userName=IotaReality
KentuckyFrieDog,GMU G Team,North-east | 1,Silver 3,10,https://na.op.gg/summoner/userName=KentuckyFrieDog
Fartingtekniq,GMU G Team,North-east | 1,Silver 2,11,https://na.op.gg/summoner/userName=Fartingtekniq
ExclusiveME,GMU G Team,North-east | 1,Gold 3,14,https://na.op.gg/summoner/userName=ExclusiveME
TheKirbz,GMU G Team,North-east | 1,Gold 3,14,https://na.op.gg/summoner/userName=TheKirbz
Quumi,GMU G Team,North-east | 1,Silver 2,11,https://na.op.gg/summoner/userName=Quumi
Acervi,GMU G Team,North-east | 1,NOT INPUT,-1,https://na.op.gg/summoner/userName=Acervi
Jer l3ear,GMU G Team,North-east | 1,NOT INPUT,-1,https://na.op.gg/summoner/userName=Jer l3ear
Programatic,Deep Fried Courage,North-east | 3,Gold 3,14,https://na.op.gg/summoner/userName=Programatic
TLD Parzival,Deep Fried Courage,North-east | 3,Silver 1,12,https://na.op.gg/summoner/userName=TLD Parzival
Ninjascarff,Deep Fried Courage,North-east | 3,Gold 2,15,https://na.op.gg/summoner/userName=Ninjascarff
red bublz,Deep Fried Courage,North-east | 3,Gold 4,13,https://na.op.gg/summoner/userName=red bublz
blackemberX,Deep Fried Courage,North-east | 3,Silver 2,11,https://na.op.gg/summoner/userName=blackemberX
grandpaaly,Deep Fried Courage,North-east | 3,Gold 4,13,https://na.op.gg/summoner/userName=grandpaaly
Trustysteed,MSOE Gold,Central | 4,Unranked,0,https://na.op.gg/summoner/userName=Trustysteed
Divinegon,MSOE Gold,Central | 4,Silver 3,10,https://na.op.gg/summoner/userName=Divinegon
HyruleGuardian,MSOE Gold,Central | 4,Gold 2,15,https://na.op.gg/summoner/userName=HyruleGuardian
Apocalypse715,MSOE Gold,Central | 4,Gold 2,15,https://na.op.gg/summoner/userName=Apocalypse715
ThatCellist,MSOE Gold,Central | 4,Bronze 2,7,https://na.op.gg/summoner/userName=ThatCellist
NeekoNicoRee,MSOE Gold,Central | 4,Gold 4,13,https://na.op.gg/summoner/userName=NeekoNicoRee
BeadierChaff06,MSOE Gold,Central | 4,Gold 2,15,https://na.op.gg/summoner/userName=BeadierChaff06
TheNorthSouth,MSOE Gold,Central | 4,Gold 2,15,https://na.op.gg/summoner/userName=TheNorthSouth
trollking21,MSOE Gold,Central | 4,Gold 3,14,https://na.op.gg/summoner/userName=trollking21
IAmCaliber,MSOE Gold,Central | 4,Gold 4,13,https://na.op.gg/summoner/userName=IAmCaliber
Tempest516,MSOE Gold,Central | 4,Gold 2,15,https://na.op.gg/summoner/userName=Tempest516
Josh1,Clemson C Team,East,Gold 4,13,https://na.op.gg/summoner/userName=Josh1
The Dong Gundam,Clemson C Team,East,Gold 1,16,https://na.op.gg/summoner/userName=The Dong Gundam
AegisSC,Clemson C Team,East,Silver 1,12,https://na.op.gg/summoner/userName=AegisSC
Otter King,Clemson C Team,East,Gold 1,16,https://na.op.gg/summoner/userName=Otter King
Eragon1239,Clemson C Team,East,Gold 2,15,https://na.op.gg/summoner/userName=Eragon1239
ScottishValhalla,Clemson C Team,East,Silver 2,11,https://na.op.gg/summoner/userName=ScottishValhalla
Zerukai,Clemson C Team,East,NOT INPUT,-1,https://na.op.gg/summoner/userName=Zerukai
MrHashSSlasher,Clemson C Team,East,Silver 4,9,https://na.op.gg/summoner/userName=MrHashSSlasher
DynamicRhino,Clemson C Team,East,NOT INPUT,-1,https://na.op.gg/summoner/userName=DynamicRhino
nyakasgoods,Clemson C Team,East,Gold 2,15,https://na.op.gg/summoner/userName=nyakasgoods
Guyofmetal,CSULB JV Two,South-west | 1,Silver 1,12,https://na.op.gg/summoner/userName=Guyofmetal
Fairlyjosh,CSULB JV Two,South-west | 1,Gold 2,15,https://na.op.gg/summoner/userName=Fairlyjosh
Lvl98 Shuckle,CSULB JV Two,South-west | 1,NOT INPUT,-1,https://na.op.gg/summoner/userName=Lvl98 Shuckle
May Yuki,CSULB JV Two,South-west | 1,Gold 2,15,https://na.op.gg/summoner/userName=May Yuki
IShadowFaxI,CSULB JV Two,South-west | 1,Gold 2,15,https://na.op.gg/summoner/userName=IShadowFaxI
Ruh Ro,CSULB JV Two,South-west | 1,Gold 1,16,https://na.op.gg/summoner/userName=Ruh Ro
DeadlyNinja,CSULB JV Two,South-west | 1,NOT INPUT,-1,https://na.op.gg/summoner/userName=DeadlyNinja
TangoDown1337,CSULB JV Two,South-west | 1,Unranked,0,https://na.op.gg/summoner/userName=TangoDown1337
H U N G O,CSULB JV Two,South-west | 1,Gold 4,13,https://na.op.gg/summoner/userName=H U N G O
Synkit,CSULB JV Two,South-west | 1,Gold 4,13,https://na.op.gg/summoner/userName=Synkit
lordblasterjoker,CSULB JV Two,South-west | 1,Gold 1,16,https://na.op.gg/summoner/userName=lordblasterjoker
Ashleyismash,CSULB JV Two,South-west | 1,Unranked,0,https://na.op.gg/summoner/userName=Ashleyismash
Resonator,CSULB JV Two,South-west | 1,Gold 1,16,https://na.op.gg/summoner/userName=Resonator
Gravy007,LSU Green,Central | 1,Gold 4,13,https://na.op.gg/summoner/userName=Gravy007
RonoJ,LSU Green,Central | 1,Silver 4,9,https://na.op.gg/summoner/userName=RonoJ
Sir Rayne,LSU Green,Central | 1,Gold 2,15,https://na.op.gg/summoner/userName=Sir Rayne
Flammable Taco,LSU Green,Central | 1,Gold 2,15,https://na.op.gg/summoner/userName=Flammable Taco
HDBeast,LSU Green,Central | 1,Gold 3,14,https://na.op.gg/summoner/userName=HDBeast
Herpuy,LSU Green,Central | 1,Silver 1,12,https://na.op.gg/summoner/userName=Herpuy
Astreauxboy,LSU Green,Central | 1,Gold 4,13,https://na.op.gg/summoner/userName=Astreauxboy
stop continuing,USF Challenegered Team,South-east,Gold 1,16,https://na.op.gg/summoner/userName=stop continuing
Sea Lıon,USF Challenegered Team,South-east,Gold 4,13,https://na.op.gg/summoner/userName=Sea Lıon
td the goat,USF Challenegered Team,South-east,RANK NOT FOUND,0,https://na.op.gg/summoner/userName=td the goat
Firestorm9321,USF Challenegered Team,South-east,Silver 4,9,https://na.op.gg/summoner/userName=Firestorm9321
a big dinosaur,USF Challenegered Team,South-east,NOT INPUT,-1,https://na.op.gg/summoner/userName=a big dinosaur
GrooveMonkey,USF Challenegered Team,South-east,Gold 1,16,https://na.op.gg/summoner/userName=GrooveMonkey
League of Limes,USF Challenegered Team,South-east,Silver 3,10,https://na.op.gg/summoner/userName=League of Limes
SpytrÌx,USF Challenegered Team,South-east,Gold 3,14,https://na.op.gg/summoner/userName=SpytrÌx
elchiki29,USF Challenegered Team,South-east,Silver 2,11,https://na.op.gg/summoner/userName=elchiki29
ll Koreabo0ps ll,UCR C TWO,South-west | 2,Silver 1,12,https://na.op.gg/summoner/userName=ll Koreabo0ps ll
Kangstaa,UCR C TWO,South-west | 2,Gold 3,14,https://na.op.gg/summoner/userName=Kangstaa
johnapple9,UCR C TWO,South-west | 2,Gold 4,13,https://na.op.gg/summoner/userName=johnapple9
TheGreenPhoenix,UCR C TWO,South-west | 2,Gold 2,15,https://na.op.gg/summoner/userName=TheGreenPhoenix
LASON CHANG,UCR C TWO,South-west | 2,Gold 1,16,https://na.op.gg/summoner/userName=LASON CHANG
Stratégy,UCR C TWO,South-west | 2,Gold 3,14,https://na.op.gg/summoner/userName=Stratégy
d0nky,UCR C TWO,South-west | 2,Gold 2,15,https://na.op.gg/summoner/userName=d0nky
BattleMaestro,PCT Default Untitled,North-east | 2,Gold 2,15,https://na.op.gg/summoner/userName=BattleMaestro
Wide Hips,PCT Default Untitled,North-east | 2,Gold 4,13,https://na.op.gg/summoner/userName=Wide Hips
Hypha,PCT Default Untitled,North-east | 2,Gold 4,13,https://na.op.gg/summoner/userName=Hypha
illmatiik,PCT Default Untitled,North-east | 2,Gold 4,13,https://na.op.gg/summoner/userName=illmatiik
Aces0817,PCT Default Untitled,North-east | 2,Silver 1,12,https://na.op.gg/summoner/userName=Aces0817
Decentlizard56,PCT Default Untitled,North-east | 2,Gold 3,14,https://na.op.gg/summoner/userName=Decentlizard56
FweakinTurtle,PCT Default Untitled,North-east | 2,Gold 4,13,https://na.op.gg/summoner/userName=FweakinTurtle
Orima,ITE Div III,Central | 3,Gold 2,15,https://na.op.gg/summoner/userName=Orima
piratewindows,ITE Div III,Central | 3,Gold 1,16,https://na.op.gg/summoner/userName=piratewindows
Cheese And Eggs,ITE Div III,Central | 3,Gold 3,14,https://na.op.gg/summoner/userName=Cheese And Eggs
Despierogi,ITE Div III,Central | 3,Gold 2,15,https://na.op.gg/summoner/userName=Despierogi
Bobby sch,ITE Div III,Central | 3,Gold 4,13,https://na.op.gg/summoner/userName=Bobby sch
Jmars9,ITE Div III,Central | 3,Gold 1,16,https://na.op.gg/summoner/userName=Jmars9
Ápéx,ITE Div III,Central | 3,Gold 4,13,https://na.op.gg/summoner/userName=Ápéx
WickedScotty,ITE Div III,Central | 3,Gold 4,13,https://na.op.gg/summoner/userName=WickedScotty
The Rickiest,ITE Div III,Central | 3,Gold 4,13,https://na.op.gg/summoner/userName=The Rickiest
VulcanMittens,ITE Div III,Central | 3,Gold 2,15,https://na.op.gg/summoner/userName=VulcanMittens
PykeNyte,UNCC E Team,East,Silver 1,12,https://na.op.gg/summoner/userName=PykeNyte
BuffsOverNexus,UNCC E Team,East,Gold 2,15,https://na.op.gg/summoner/userName=BuffsOverNexus
SkyBurnerX,UNCC E Team,East,Gold 4,13,https://na.op.gg/summoner/userName=SkyBurnerX
TurkeyCapper,UNCC E Team,East,Gold 3,14,https://na.op.gg/summoner/userName=TurkeyCapper
Amith,UNCC E Team,East,Gold 4,13,https://na.op.gg/summoner/userName=Amith
nigerian hokage,UNCC E Team,East,Gold 1,16,https://na.op.gg/summoner/userName=nigerian hokage
darkdragon3760,UNCC E Team,East,Gold 1,16,https://na.op.gg/summoner/userName=darkdragon3760
Sky388,UNCC E Team,East,Gold 4,13,https://na.op.gg/summoner/userName=Sky388
Logar LeGrand,UNCC E Team,East,Gold 2,15,https://na.op.gg/summoner/userName=Logar LeGrand
DuckyXD,UAH Charger Yellow,South-east,Gold 2,15,https://na.op.gg/summoner/userName=DuckyXD
ShantBeReformed,UAH Charger Yellow,South-east,NOT INPUT,-1,https://na.op.gg/summoner/userName=ShantBeReformed
Twab,UAH Charger Yellow,South-east,Gold 4,13,https://na.op.gg/summoner/userName=Twab
TheTopHatLord,UAH Charger Yellow,South-east,Gold 3,14,https://na.op.gg/summoner/userName=TheTopHatLord
Grabgnar410,UAH Charger Yellow,South-east,Gold 2,15,https://na.op.gg/summoner/userName=Grabgnar410
SpookySpookyDoo,UAH Charger Yellow,South-east,Gold 2,15,https://na.op.gg/summoner/userName=SpookySpookyDoo
wtfdotjpg,UAH Charger Yellow,South-east,Gold 1,16,https://na.op.gg/summoner/userName=wtfdotjpg
TrueDamage AkaIi,KSU Sentinels,East,Gold 3,14,https://na.op.gg/summoner/userName=TrueDamage AkaIi
KSUChronic,KSU Sentinels,East,Silver 1,12,https://na.op.gg/summoner/userName=KSUChronic
Snorf7,KSU Sentinels,East,Silver 3,10,https://na.op.gg/summoner/userName=Snorf7
edchac99,KSU Sentinels,East,Silver 2,11,https://na.op.gg/summoner/userName=edchac99
Fletcher32,KSU Sentinels,East,Bronze 2,7,https://na.op.gg/summoner/userName=Fletcher32
Nderoj,KSU Sentinels,East,Bronze 2,7,https://na.op.gg/summoner/userName=Nderoj
C9Penguinz,KSU Sentinels,East,Gold 4,13,https://na.op.gg/summoner/userName=C9Penguinz
LinedFury,KSU Sentinels,East,Gold 1,16,https://na.op.gg/summoner/userName=LinedFury
Krishon10,Akron Zips Club Silver,North-east | 2,Silver 3,10,https://na.op.gg/summoner/userName=Krishon10
Estøc,Akron Zips Club Silver,North-east | 2,Gold 2,15,https://na.op.gg/summoner/userName=Estøc
Necromancer54,Akron Zips Club Silver,North-east | 2,Silver 2,11,https://na.op.gg/summoner/userName=Necromancer54
MrCookieYt,Akron Zips Club Silver,North-east | 2,Gold 3,14,https://na.op.gg/summoner/userName=MrCookieYt
Jawani,Akron Zips Club Silver,North-east | 2,Bronze 2,7,https://na.op.gg/summoner/userName=Jawani
Khaiiiiii,Akron Zips Club Silver,North-east | 2,Bronze 3,6,https://na.op.gg/summoner/userName=Khaiiiiii
bobbyjoegree,Akron Zips Club Silver,North-east | 2,Gold 4,13,https://na.op.gg/summoner/userName=bobbyjoegree
failenmagyk,League of Beavers,Central | 2,Gold 1,16,https://na.op.gg/summoner/userName=failenmagyk
Guitar Hero 3,League of Beavers,Central | 2,Gold 4,13,https://na.op.gg/summoner/userName=Guitar Hero 3
hitrgiz87,League of Beavers,Central | 2,Silver 4,9,https://na.op.gg/summoner/userName=hitrgiz87
MáRin,League of Beavers,Central | 2,Gold 1,16,https://na.op.gg/summoner/userName=MáRin
Wolf21810,League of Beavers,Central | 2,Silver 3,10,https://na.op.gg/summoner/userName=Wolf21810
xXSNEAKYNlNJAXx,League of Beavers,Central | 2,Gold 3,14,https://na.op.gg/summoner/userName=xXSNEAKYNlNJAXx
DatVuze47,League of Beavers,Central | 2,Silver 3,10,https://na.op.gg/summoner/userName=DatVuze47
TheRealDeal360,Baron Nassau V Black,North-east | 5,Bronze 1,8,https://na.op.gg/summoner/userName=TheRealDeal360
Barboach,Baron Nassau V Black,North-east | 5,Gold 1,16,https://na.op.gg/summoner/userName=Barboach
TOMMTOMMBOM,Baron Nassau V Black,North-east | 5,Gold 1,16,https://na.op.gg/summoner/userName=TOMMTOMMBOM
ScrubLordPatrick,Baron Nassau V Black,North-east | 5,Gold 1,16,https://na.op.gg/summoner/userName=ScrubLordPatrick
ktsao7,Baron Nassau V Black,North-east | 5,Gold 3,14,https://na.op.gg/summoner/userName=ktsao7
spicyyyy,Baron Nassau V Black,North-east | 5,Gold 1,16,https://na.op.gg/summoner/userName=spicyyyy
NotSoCoolAugust,Golden Owls,South-east,NOT INPUT,-1,https://na.op.gg/summoner/userName=NotSoCoolAugust
Prussían,Golden Owls,South-east,NOT INPUT,-1,https://na.op.gg/summoner/userName=Prussían
xxNappy17xx,Golden Owls,South-east,NOT INPUT,-1,https://na.op.gg/summoner/userName=xxNappy17xx
ROHIT212001,Golden Owls,South-east,Gold 1,16,https://na.op.gg/summoner/userName=ROHIT212001
rocklionmba15,Golden Owls,South-east,Gold 1,16,https://na.op.gg/summoner/userName=rocklionmba15
RomeoMalibu,Golden Owls,South-east,NOT INPUT,-1,https://na.op.gg/summoner/userName=RomeoMalibu
Burue,Golden Owls,South-east,Gold 3,14,https://na.op.gg/summoner/userName=Burue
adc abc,Golden Owls,South-east,Gold 4,13,https://na.op.gg/summoner/userName=adc abc
iDrakner,Golden Owls,South-east,Gold 1,16,https://na.op.gg/summoner/userName=iDrakner
Fossil Dyna,Golden Owls,South-east,Gold 4,13,https://na.op.gg/summoner/userName=Fossil Dyna
SilverBolt City,Golden Owls,South-east,RANK NOT FOUND,0,https://na.op.gg/summoner/userName=SilverBolt City
Kyuubi,Golden Owls,South-east,Gold 4,13,https://na.op.gg/summoner/userName=Kyuubi
majestic monkey5,UD VGTC JVTwo Team,North-east | 3,Silver 1,12,https://na.op.gg/summoner/userName=majestic monkey5
IntoTheDusk,UD VGTC JVTwo Team,North-east | 3,NOT INPUT,-1,https://na.op.gg/summoner/userName=IntoTheDusk
A Jaywalker,UD VGTC JVTwo Team,North-east | 3,Gold 1,16,https://na.op.gg/summoner/userName=A Jaywalker
ZzWww,UD VGTC JVTwo Team,North-east | 3,Gold 4,13,https://na.op.gg/summoner/userName=ZzWww
The Sad Hooker,UD VGTC JVTwo Team,North-east | 3,Gold 1,16,https://na.op.gg/summoner/userName=The Sad Hooker
cuprehan,UD VGTC JVTwo Team,North-east | 3,Gold 4,13,https://na.op.gg/summoner/userName=cuprehan
bamboohorse,UD VGTC JVTwo Team,North-east | 3,Silver 2,11,https://na.op.gg/summoner/userName=bamboohorse
Mother Hunter H,UD VGTC JVTwo Team,North-east | 3,Gold 1,16,https://na.op.gg/summoner/userName=Mother Hunter H
Roulette X,UD VGTC JVTwo Team,North-east | 3,Gold 3,14,https://na.op.gg/summoner/userName=Roulette X
LU elitewatcher,LoL Gold B,North,RANK NOT FOUND,0,https://na.op.gg/summoner/userName=LU elitewatcher
UncleVincenzo,LoL Gold B,North,Gold 4,13,https://na.op.gg/summoner/userName=UncleVincenzo
LU Crash,LoL Gold B,North,NOT INPUT,-1,https://na.op.gg/summoner/userName=LU Crash
LU Majority,LoL Gold B,North,Gold 4,13,https://na.op.gg/summoner/userName=LU Majority
DorisNutBust,LoL Gold B,North,Gold 2,15,https://na.op.gg/summoner/userName=DorisNutBust
LU Cloudan,LoL Gold B,North,Silver 4,9,https://na.op.gg/summoner/userName=LU Cloudan
fat tigers123,UToledo Esports JV Team,North-east | 3,Gold 4,13,https://na.op.gg/summoner/userName=fat tigers123
MasterTurtle88,UToledo Esports JV Team,North-east | 3,Silver 3,10,https://na.op.gg/summoner/userName=MasterTurtle88
Keaen,UToledo Esports JV Team,North-east | 3,Silver 4,9,https://na.op.gg/summoner/userName=Keaen
csof,UToledo Esports JV Team,North-east | 3,Gold 3,14,https://na.op.gg/summoner/userName=csof
Hippodog,UToledo Esports JV Team,North-east | 3,Silver 4,9,https://na.op.gg/summoner/userName=Hippodog
X80HDgraphicsX,UToledo Esports JV Team,North-east | 3,Gold 1,16,https://na.op.gg/summoner/userName=X80HDgraphicsX
Stand Ready,UToledo Esports JV Team,North-east | 3,Gold 3,14,https://na.op.gg/summoner/userName=Stand Ready
Kasutoku,UToledo Esports JV Team,North-east | 3,Gold 1,16,https://na.op.gg/summoner/userName=Kasutoku
Thunderguy5767,KansasState That tasted Purple,Central | 2,Gold 3,14,https://na.op.gg/summoner/userName=Thunderguy5767
MMin74,KansasState That tasted Purple,Central | 2,Gold 2,15,https://na.op.gg/summoner/userName=MMin74
TheCrimsonFlare,KansasState That tasted Purple,Central | 2,Silver 4,9,https://na.op.gg/summoner/userName=TheCrimsonFlare
Uncappedbeef6,KansasState That tasted Purple,Central | 2,Gold 2,15,https://na.op.gg/summoner/userName=Uncappedbeef6
0 Shyguy 0,KansasState That tasted Purple,Central | 2,Gold 4,13,https://na.op.gg/summoner/userName=0 Shyguy 0
Karmabell,KansasState That tasted Purple,Central | 2,NOT INPUT,-1,https://na.op.gg/summoner/userName=Karmabell
Efam,KansasState That tasted Purple,Central | 2,Gold 1,16,https://na.op.gg/summoner/userName=Efam
Duckster,KansasState That tasted Purple,Central | 2,NOT INPUT,-1,https://na.op.gg/summoner/userName=Duckster
Adalintor,KansasState That tasted Purple,Central | 2,Gold 1,16,https://na.op.gg/summoner/userName=Adalintor
Gigabyted,Rock.lol White,North-east | 2,NOT INPUT,-1,https://na.op.gg/summoner/userName=Gigabyted
Fmaya18,Rock.lol White,North-east | 2,Gold 2,15,https://na.op.gg/summoner/userName=Fmaya18
FrostFlower11,Rock.lol White,North-east | 2,Bronze 2,7,https://na.op.gg/summoner/userName=FrostFlower11
bookshark13,Rock.lol White,North-east | 2,Gold 4,13,https://na.op.gg/summoner/userName=bookshark13
hi im gilin,Rock.lol White,North-east | 2,Gold 2,15,https://na.op.gg/summoner/userName=hi im gilin
Fireofbob,Rock.lol White,North-east | 2,Gold 4,13,https://na.op.gg/summoner/userName=Fireofbob
Kocksy,Rock.lol White,North-east | 2,Gold 3,14,https://na.op.gg/summoner/userName=Kocksy
Mookman111,Rock.lol White,North-east | 2,Gold 4,13,https://na.op.gg/summoner/userName=Mookman111
Känra,Rock.lol White,North-east | 2,Gold 4,13,https://na.op.gg/summoner/userName=Känra
Luwucian,SC Esports Gold Team,South-west | 1,Gold 4,13,https://na.op.gg/summoner/userName=Luwucian
USC King Of PUGS,SC Esports Gold Team,South-west | 1,Bronze 1,8,https://na.op.gg/summoner/userName=USC King Of PUGS
USC Fonzie,SC Esports Gold Team,South-west | 1,Gold 1,16,https://na.op.gg/summoner/userName=USC Fonzie
NeelS,SC Esports Gold Team,South-west | 1,Gold 2,15,https://na.op.gg/summoner/userName=NeelS
Zephyraphim,SC Esports Gold Team,South-west | 1,Gold 3,14,https://na.op.gg/summoner/userName=Zephyraphim
asianshenanigans,SC Esports Gold Team,South-west | 1,Gold 4,13,https://na.op.gg/summoner/userName=asianshenanigans
Mimirore,SC Esports Gold Team,South-west | 1,Gold 2,15,https://na.op.gg/summoner/userName=Mimirore
Epic Burger,Northwestern Mildcats,Central | 3,Silver 1,12,https://na.op.gg/summoner/userName=Epic Burger
Scrumptious Pie,Northwestern Mildcats,Central | 3,Gold 2,15,https://na.op.gg/summoner/userName=Scrumptious Pie
surferpunk,Northwestern Mildcats,Central | 3,Gold 1,16,https://na.op.gg/summoner/userName=surferpunk
postoso,Northwestern Mildcats,Central | 3,Gold 4,13,https://na.op.gg/summoner/userName=postoso
Naythen,Northwestern Mildcats,Central | 3,Gold 3,14,https://na.op.gg/summoner/userName=Naythen
Silenttake,Northwestern Mildcats,Central | 3,NOT INPUT,-1,https://na.op.gg/summoner/userName=Silenttake
Sharp104,Northwestern Mildcats,Central | 3,Gold 2,15,https://na.op.gg/summoner/userName=Sharp104
thesecrettaco,Northwestern Mildcats,Central | 3,NOT INPUT,-1,https://na.op.gg/summoner/userName=thesecrettaco
Blazesear,Northwestern Mildcats,Central | 3,Gold 1,16,https://na.op.gg/summoner/userName=Blazesear
Juicy Jingo,Northwestern Mildcats,Central | 3,Gold 2,15,https://na.op.gg/summoner/userName=Juicy Jingo
Demonde777,University of Manitoba JV Two,Central | 4,RANK NOT FOUND,0,https://na.op.gg/summoner/userName=Demonde777
Pleb Jiraiya,University of Manitoba JV Two,Central | 4,Gold 1,16,https://na.op.gg/summoner/userName=Pleb Jiraiya
Noidea121,University of Manitoba JV Two,Central | 4,Gold 1,16,https://na.op.gg/summoner/userName=Noidea121
Dave Nipples,University of Manitoba JV Two,Central | 4,Gold 2,15,https://na.op.gg/summoner/userName=Dave Nipples
Chenky,University of Manitoba JV Two,Central | 4,Gold 4,13,https://na.op.gg/summoner/userName=Chenky
Princessgaming99,University of Manitoba JV Two,Central | 4,Gold 2,15,https://na.op.gg/summoner/userName=Princessgaming99
Kopec,University of Manitoba JV Two,Central | 4,Gold 3,14,https://na.op.gg/summoner/userName=Kopec
Cagl1,University of Manitoba JV Two,Central | 4,Gold 4,13,https://na.op.gg/summoner/userName=Cagl1
Ronrush22,University of Manitoba JV Two,Central | 4,Gold 2,15,https://na.op.gg/summoner/userName=Ronrush22
Oniiii CHANNN,University of Manitoba JV Two,Central | 4,Gold 3,14,https://na.op.gg/summoner/userName=Oniiii CHANNN
DouYuTV Wh1t3zZ,DePaul Blue Demons - III,Central | 3,Gold 1,16,https://na.op.gg/summoner/userName=DouYuTV Wh1t3zZ
withextrasauce,DePaul Blue Demons - III,Central | 3,Silver 2,11,https://na.op.gg/summoner/userName=withextrasauce
The Dejhinerate,DePaul Blue Demons - III,Central | 3,Gold 1,16,https://na.op.gg/summoner/userName=The Dejhinerate
FreakyTendons,DePaul Blue Demons - III,Central | 3,Gold 2,15,https://na.op.gg/summoner/userName=FreakyTendons
Lovelåce,DePaul Blue Demons - III,Central | 3,Gold 1,16,https://na.op.gg/summoner/userName=Lovelåce
Syaro,DePaul Blue Demons - III,Central | 3,Gold 1,16,https://na.op.gg/summoner/userName=Syaro
Elerbee,DePaul Blue Demons - III,Central | 3,Gold 4,13,https://na.op.gg/summoner/userName=Elerbee
Art3misss,WWU Gold B,North-west,Gold 3,14,https://na.op.gg/summoner/userName=Art3misss
andilard,WWU Gold B,North-west,Gold 4,13,https://na.op.gg/summoner/userName=andilard
kingslàyer,WWU Gold B,North-west,Gold 1,16,https://na.op.gg/summoner/userName=kingslàyer
magmasuns,WWU Gold B,North-west,Silver 4,9,https://na.op.gg/summoner/userName=magmasuns
l Ô w Ô l,WWU Gold B,North-west,Gold 2,15,https://na.op.gg/summoner/userName=l Ô w Ô l
Frozen in Warmth,WWU Gold B,North-west,Gold 1,16,https://na.op.gg/summoner/userName=Frozen in Warmth
Playful Sadist,Piltover Pokes C Team,Central | 2,Gold 4,13,https://na.op.gg/summoner/userName=Playful Sadist
poison57,Piltover Pokes C Team,Central | 2,NOT INPUT,-1,https://na.op.gg/summoner/userName=poison57
Mindu22,Piltover Pokes C Team,Central | 2,Gold 2,15,https://na.op.gg/summoner/userName=Mindu22
sunnyfunny18,Piltover Pokes C Team,Central | 2,Gold 4,13,https://na.op.gg/summoner/userName=sunnyfunny18
Brinticus,Piltover Pokes C Team,Central | 2,Gold 3,14,https://na.op.gg/summoner/userName=Brinticus
Manivn,Piltover Pokes C Team,Central | 2,Gold 3,14,https://na.op.gg/summoner/userName=Manivn
Relic007,Piltover Pokes C Team,Central | 2,Gold 2,15,https://na.op.gg/summoner/userName=Relic007
DrewMoo,CSU Rams Gold,Central | 2,Gold 3,14,https://na.op.gg/summoner/userName=DrewMoo
KingDarlow,CSU Rams Gold,Central | 2,Gold 1,16,https://na.op.gg/summoner/userName=KingDarlow
denon39,CSU Rams Gold,Central | 2,NOT INPUT,-1,https://na.op.gg/summoner/userName=denon39
AlluringTiger,CSU Rams Gold,Central | 2,Gold 1,16,https://na.op.gg/summoner/userName=AlluringTiger
Shaqtus juice,CSU Rams Gold,Central | 2,Gold 3,14,https://na.op.gg/summoner/userName=Shaqtus juice
Smacky Da Pappy,CSU Rams Gold,Central | 2,Gold 3,14,https://na.op.gg/summoner/userName=Smacky Da Pappy
Bginna,CSU Rams Gold,Central | 2,Gold 1,16,https://na.op.gg/summoner/userName=Bginna
Zi0s,CSU Rams Gold,Central | 2,Gold 4,13,https://na.op.gg/summoner/userName=Zi0s
