teamName,region,link,rank,rankValue,seriesWins,seriesLosses,gameWins,gameLosses,rank5,rank5Value,playerList,opgg1,opgg2
LCS Bound,North 3,/lol/teams/6682,Bronze 1,8,5,0,11,1,Silver 2,11,"['Raikazo', 'Tonyhz', 'silver66winne61', 'Kuinfokkusuu', 'Kilzzy', 'Naga Divine', 'pakrat', 'Fäkër', 'Stress Life', 'scrump']","https://na.op.gg/multi/query=Raikazo,Tonyhz,silver66winne61,Kuinfokkusuu,Kilzzy,Naga Divine,pakrat,Fäkër,Stress Life,scrump,",https://na.op.gg/multi/query=
Laurentian University - Blue,North 3,/lol/teams/5466,Bronze 3,6,5,1,11,3,Silver 4,9,"['RoChStaR', 'LU elitewatcher', 'MayMay', 'LU Iceman', 'ikus', 'LU Konan Kohai', 'LU Crash', 'LU Meister']","https://na.op.gg/multi/query=RoChStaR,LU elitewatcher,MayMay,LU Iceman,ikus,LU Konan Kohai,LU Crash,LU Meister,",https://na.op.gg/multi/query=
McMaster LoL C-Team,North 3,/lol/teams/6831,Silver 4,9,4,2,9,4,Gold 3,14,"['Rezathegreat', 'ahrikidding', 'pyrpop', '4skinmuncher', 'Maanav', 'cocosbubbletea', 'Lutareus', 'chocofloat', 'Almighty Kermit', 'Www blacked com', 'Rotate2Win']","https://na.op.gg/multi/query=Rezathegreat,ahrikidding,pyrpop,4skinmuncher,Maanav,cocosbubbletea,Lutareus,chocofloat,Almighty Kermit,Www blacked com,","https://na.op.gg/multi/query=Rotate2Win,"
WLU - OpenLeague,North 3,/lol/teams/6768,Silver 2,11,2,4,4,8,Platinum 2,19,"['Zedi', 'Reehahs', 'JewishWannabe', 'Necrodra', 'BigWBurton', 'VKC', 'FlamingMonkey77', 'Kaemi', 'Shibe', 'Vandrax', 'RZJ']","https://na.op.gg/multi/query=Zedi,Reehahs,JewishWannabe,Necrodra,BigWBurton,VKC,FlamingMonkey77,Kaemi,Shibe,Vandrax,","https://na.op.gg/multi/query=RZJ,"
UNIVERSITY OF OTTAWA DIV C TWO,North 3,/lol/teams/6931,Bronze 4,5,2,3,4,7,Bronze 3,6,"['Astrosexy', 'Frezzie', 'Strike Aegis', 'Demwafflez', 'Tamaki Seoh', 'kaptanx', 'Whack A Pingu', 'Party G']","https://na.op.gg/multi/query=Astrosexy,Frezzie,Strike Aegis,Demwafflez,Tamaki Seoh,kaptanx,Whack A Pingu,Party G,",https://na.op.gg/multi/query=
Laurentian University - White,North 3,/lol/teams/6770,Iron 2,3,2,4,4,8,Iron 1,4,"['RoChStaR', 'Keiane', 'OnceInANoobMoon', 'Franchement', 'RiceKrispies102', 'ZeBeAsT128', 'Adhesiveshoe129', 'I Fap To Riven']","https://na.op.gg/multi/query=RoChStaR,Keiane,OnceInANoobMoon,Franchement,RiceKrispies102,ZeBeAsT128,Adhesiveshoe129,I Fap To Riven,",https://na.op.gg/multi/query=
UNB eSports Academy,North 3,/lol/teams/6437,Unranked,0,0,6,0,12,Unranked,0,['Mainstream Media'],"https://na.op.gg/multi/query=Mainstream Media,",https://na.op.gg/multi/query=
University of Ottawa - Div C,North 2,/lol/teams/642,Bronze 4,5,6,0,12,0,Bronze 4,5,"['matisse999', 'TE TpRoject', 'JediMaster07', 'Frezzie', 'Thánós']","https://na.op.gg/multi/query=matisse999,TE TpRoject,JediMaster07,Frezzie,Thánós,",https://na.op.gg/multi/query=
Queen's Bear League,North 2,/lol/teams/6390,Bronze 1,8,5,1,10,3,Silver 1,12,"['A Furious Doctor', 'SuperNovaSqid', 'moffat', 'Shaper of Realms', 'Yung Scruff', 'A bag of bees', 'Symphonic Rain']","https://na.op.gg/multi/query=A Furious Doctor,SuperNovaSqid,moffat,Shaper of Realms,Yung Scruff,A bag of bees,Symphonic Rain,",https://na.op.gg/multi/query=
Brock Junior varsity,North 2,/lol/teams/6146,Silver 3,10,4,2,9,4,Gold 4,13,"['xwalford', 'zeWolfy', 'Infłux', 'Quickfoxyt', 'PandaTwice', 'Godllycookie', 'H0BBES', 'Fråwt', 'PurePhoenix']","https://na.op.gg/multi/query=xwalford,zeWolfy,Infłux,Quickfoxyt,PandaTwice,Godllycookie,H0BBES,Fråwt,PurePhoenix,",https://na.op.gg/multi/query=
VPA,North 2,/lol/teams/7604,Iron 4,1,3,3,6,6,Iron 3,2,"['Clen', 'Best Nasus Na', 'ShurimaSpotlight', 'MaceWendu', 'I Jinxed It', 'trashflamer', 'Tallsock', 'Duazylle117', 'Pookabee']","https://na.op.gg/multi/query=Clen,Best Nasus Na,ShurimaSpotlight,MaceWendu,I Jinxed It,trashflamer,Tallsock,Duazylle117,Pookabee,",https://na.op.gg/multi/query=
Golden Gryphons,North 2,/lol/teams/6998,Iron 2,3,2,4,4,8,Bronze 4,5,"['TheBigMo', 'hi im Guardian', 'Dakuraii', 'FallenPains', 'F1lthyfedora', 'Ruhi', 'Èvan', 'Zodien', 'xWink']","https://na.op.gg/multi/query=TheBigMo,hi im Guardian,Dakuraii,FallenPains,F1lthyfedora,Ruhi,Èvan,Zodien,xWink,",https://na.op.gg/multi/query=
GBC Gold League,North 2,/lol/teams/1389,Iron 1,4,1,5,2,10,Bronze 4,5,"['ll Shadow ll', 'CrashOnTheRocks', 'Autø Attack', 'Razetheboss', 'GAM BestLand', 'Mrjinglesg', 'Beef Pho']","https://na.op.gg/multi/query=ll Shadow ll,CrashOnTheRocks,Autø Attack,Razetheboss,GAM BestLand,Mrjinglesg,Beef Pho,",https://na.op.gg/multi/query=
The Benchwarmers,North 2,/lol/teams/6391,No Players Found,0,0,6,0,12,No Players Found,0,[],https://na.op.gg/multi/query=,https://na.op.gg/multi/query=
FPU League,North 1,/lol/teams/7607,Bronze 4,5,5,1,10,3,Bronze 2,7,"['AFKcat', 'BlueEyesKnight', 'Dranathos', 'FPU Myto', 'S Black Eye S', 'Lakalive', 'Aquatica']","https://na.op.gg/multi/query=AFKcat,BlueEyesKnight,Dranathos,FPU Myto,S Black Eye S,Lakalive,Aquatica,",https://na.op.gg/multi/query=
NU_Gold,North 1,/lol/teams/6753,Bronze 1,8,4,2,9,5,Silver 2,11,"['ThatsUnførtunate', 'DOS Mode', 'Wolf Rayet 102', 'KnightWhoSaysREE', 'DeathZed', 'Mediso', 'Civicadet', 'Starmek', 'Tribéx', 'conquer45', 'Gaelgate', 'D1rtyBird']","https://na.op.gg/multi/query=ThatsUnførtunate,DOS Mode,Wolf Rayet 102,KnightWhoSaysREE,DeathZed,Mediso,Civicadet,Starmek,Tribéx,conquer45,","https://na.op.gg/multi/query=Gaelgate,D1rtyBird,"
Bagel Was Taken,North 1,/lol/teams/2488,Bronze 3,6,3,2,7,5,Gold 3,14,"['unownreality', 'RopeTrapOnABear', 'Liquid Nitrogen', 'Wertyer', 'Khärma', 'sentai7', 'Mhunra', '3x3', 'Èpsilon', 'xXxZac69EfronxXx', 'Çheech', 'GINGER5W4G']","https://na.op.gg/multi/query=unownreality,RopeTrapOnABear,Liquid Nitrogen,Wertyer,Khärma,sentai7,Mhunra,3x3,Èpsilon,xXxZac69EfronxXx,","https://na.op.gg/multi/query=Çheech,GINGER5W4G,"
RWU A,North 1,/lol/teams/6778,Bronze 2,7,3,1,6,2,Silver 4,9,"['Real Paul Morin', 'Ginga is the gay', 'MrGetownedLP', 'X307', 'JWARRIOR1', 'swagmuny420', 'Toasterrr']","https://na.op.gg/multi/query=Real Paul Morin,Ginga is the gay,MrGetownedLP,X307,JWARRIOR1,swagmuny420,Toasterrr,",https://na.op.gg/multi/query=
NU_Maroon,North 1,/lol/teams/6754,Iron 2,3,1,4,3,8,Bronze 4,5,"['ThatsUnførtunate', 'Tîny', '71axe', 'Fustigate', 'VarsityAthlete', 'TeaKay', 'Phoeníx']","https://na.op.gg/multi/query=ThatsUnførtunate,Tîny,71axe,Fustigate,VarsityAthlete,TeaKay,Phoeníx,",https://na.op.gg/multi/query=
TBC,North 1,/lol/teams/6473,Iron 1,4,1,3,2,7,Bronze 3,6,"['nrj6490', 'RGC Darth Meat', 'xXNTheRipperXx', 'lightningbolt777', 'uuuuuuuuu', 'Whip De Chi', 'theslumpgawd']","https://na.op.gg/multi/query=nrj6490,RGC Darth Meat,xXNTheRipperXx,lightningbolt777,uuuuuuuuu,Whip De Chi,theslumpgawd,",https://na.op.gg/multi/query=
RWU B,North 1,/lol/teams/6776,Iron 2,3,0,4,1,8,Iron 2,3,"['Real Paul Morin', 'Manbeast209', 'SirDapper', 'Nicker812', 'The Tuccinator', 'TheToucanHerder']","https://na.op.gg/multi/query=Real Paul Morin,Manbeast209,SirDapper,Nicker812,The Tuccinator,TheToucanHerder,",https://na.op.gg/multi/query=
SHU Open,East 9,/lol/teams/6866,Gold 3,14,7,0,14,0,Gold 3,14,"['DripDroppin', 'gamefanatic1', 'InsaneSouls', 'KimJongPhill', 'ªndrew', 'HKingChard', 'An Ikea Bed']","https://na.op.gg/multi/query=DripDroppin,gamefanatic1,InsaneSouls,KimJongPhill,ªndrew,HKingChard,An Ikea Bed,",https://na.op.gg/multi/query=
Team Lämp,East 9,/lol/teams/7343,Iron 2,3,3,2,7,4,Iron 2,3,"['Lil Chimp', 'iTickleBlackKids', 'Mørkus', 'ShadowSlayer899', 'nightrider6623', 'Fropple']","https://na.op.gg/multi/query=Lil Chimp,iTickleBlackKids,Mørkus,ShadowSlayer899,nightrider6623,Fropple,",https://na.op.gg/multi/query=
Undecided,East 9,/lol/teams/7529,Bronze 4,5,3,2,6,4,Bronze 3,6,"['dragonfire2320', 'samuel2011', 'Jourszzo', 'Uroborosk6340', 'dragonlord12135', 'Yizook']","https://na.op.gg/multi/query=dragonfire2320,samuel2011,Jourszzo,Uroborosk6340,dragonlord12135,Yizook,",https://na.op.gg/multi/query=
SHU- Black,East 9,/lol/teams/6870,Iron 1,4,2,4,4,8,Bronze 3,6,"['GABRIELTHEPROFIT', 'HKingChard', 'conyayeast21', 'gokuplayer', 'MajorBinkx', 'olah0001', 'iushious']","https://na.op.gg/multi/query=GABRIELTHEPROFIT,HKingChard,conyayeast21,gokuplayer,MajorBinkx,olah0001,iushious,",https://na.op.gg/multi/query=
UMass Division Three Team Two,East 9,/lol/teams/7526,Bronze 4,5,1,3,2,6,Bronze 4,5,"['SpookyAction2', 'JustJames', 'Garęn', 'Satoshi Gekkouga', 'LiveForTheHunt', 'Bakeshop', 'JT500', 'xTheFraudx']","https://na.op.gg/multi/query=SpookyAction2,JustJames,Garęn,Satoshi Gekkouga,LiveForTheHunt,Bakeshop,JT500,xTheFraudx,",https://na.op.gg/multi/query=
UMass Amherst Division Three,East 9,/lol/teams/7078,Bronze 1,8,1,2,2,5,Gold 2,15,"['SpookyAction2', 'Dirty Dan', 'Jongleur', 'SleepingPharaoh9', 'Garęn', 'Ruisong', 'jelly38921yre', 'diryathing', 'LiveForTheHunt', 'Bakeshop', 'JT500']","https://na.op.gg/multi/query=SpookyAction2,Dirty Dan,Jongleur,SleepingPharaoh9,Garęn,Ruisong,jelly38921yre,diryathing,LiveForTheHunt,Bakeshop,","https://na.op.gg/multi/query=JT500,"
Quinnipiac eSports,East 9,/lol/teams/7638,Iron 1,4,1,3,2,6,Silver 4,9,"['RespekMyThresh', 'Warblar', 'Zaya', 'McFeeds', 'rivenni', 'MattMusky', 'OverbeingXVI', 'Dyphurion', 'LordTeddie', 'Diamond Player', 'Dank MemeMachine', 'TheRealHopperDog']","https://na.op.gg/multi/query=RespekMyThresh,Warblar,Zaya,McFeeds,rivenni,MattMusky,OverbeingXVI,Dyphurion,LordTeddie,Diamond Player,","https://na.op.gg/multi/query=Dank MemeMachine,TheRealHopperDog,"
Brandeis Esports,East 9,/lol/teams/5598,Bronze 4,5,1,3,2,6,Silver 4,9,"['Susanoo Kakashi', 'nightdraconis', 'xgl', 'Redstrike929', 'fart eater', 'Pheonixwish', 'Galactic Emperor', 'Blaste', 'FuPP127']","https://na.op.gg/multi/query=Susanoo Kakashi,nightdraconis,xgl,Redstrike929,fart eater,Pheonixwish,Galactic Emperor,Blaste,FuPP127,",https://na.op.gg/multi/query=
SBU monkaS,East 8,/lol/teams/6680,Iron 1,4,5,2,10,4,Bronze 1,8,"['Raikazo', 'Tonyhz', 'SpicySunda137', 'Kilzzy', 'Underdeetree', 'Holy x Spartan', 'Śeal', 'Corestep', 'kawsar0990', 'Decima', 'ScienceTheRat87', 'kamikamiha']","https://na.op.gg/multi/query=Raikazo,Tonyhz,SpicySunda137,Kilzzy,Underdeetree,Holy x Spartan,Śeal,Corestep,kawsar0990,Decima,","https://na.op.gg/multi/query=ScienceTheRat87,kamikamiha,"
Journey to Varsity,East 8,/lol/teams/7194,Iron 2,3,5,2,10,5,Iron 1,4,"['Sylveous', 'Ka Laid', 'Pause Tech', 'UltraCrowder', 'Olyrral', 'Qwrqwr3']","https://na.op.gg/multi/query=Sylveous,Ka Laid,Pause Tech,UltraCrowder,Olyrral,Qwrqwr3,",https://na.op.gg/multi/query=
EGDC - Team Alpha,East 8,/lol/teams/6312,Bronze 1,8,4,1,8,2,Gold 4,13,"['Nimimi', 'mamitaffy', 'Killtheman29', 'your trap waifu', 'KaiIIou', 'SweetBoredom', 'derping4laughs', 'ForbiddenU', 'Rodek', 'DerpyBananaz', '88Ryzing', 'Hanazawa', 'Lil Sweet Thing', 'MY JG FK SKS', 'Teshin', 'Nalrynaskime']","https://na.op.gg/multi/query=Nimimi,mamitaffy,Killtheman29,your trap waifu,KaiIIou,SweetBoredom,derping4laughs,ForbiddenU,Rodek,DerpyBananaz,","https://na.op.gg/multi/query=88Ryzing,Hanazawa,Lil Sweet Thing,MY JG FK SKS,Teshin,Nalrynaskime,"
BU Feedlords,East 8,/lol/teams/6849,Bronze 3,6,3,3,7,6,Silver 4,9,"['Raypist', 'Foxccon', 'sj0726', 'roseanne43v34', 'IIIlIlIII', 'SamSamantha', 'MetaPedia', 'D3R3KXIA']","https://na.op.gg/multi/query=Raypist,Foxccon,sj0726,roseanne43v34,IIIlIlIII,SamSamantha,MetaPedia,D3R3KXIA,",https://na.op.gg/multi/query=
Harvard League B,East 8,/lol/teams/7274,Silver 4,9,3,4,6,8,Gold 2,15,"['Imprinted Duck', 'shogunkayak', 'LargeThomas', 'nethalem', 'Superflan69', 'TidalDreAmz', 'jargonman123', 'The KODE', 'Livy 08', 'hwoei', 'ElishaDeath']","https://na.op.gg/multi/query=Imprinted Duck,shogunkayak,LargeThomas,nethalem,Superflan69,TidalDreAmz,jargonman123,The KODE,Livy 08,hwoei,","https://na.op.gg/multi/query=ElishaDeath,"
Cornell University B,East 8,/lol/teams/7076,Bronze 1,8,2,5,5,11,Bronze 1,8,"['sirhack3r', 'Lord Thames', 'balognaBandit', 'Munchkin2000', 'jamqwert']","https://na.op.gg/multi/query=sirhack3r,Lord Thames,balognaBandit,Munchkin2000,jamqwert,",https://na.op.gg/multi/query=
Bentley Falcons C,East 8,/lol/teams/6864,Iron 2,3,1,4,3,8,Iron 1,4,"['Ceiling', 'Drexif', 'P1ce', 'Martin Van Buren', 'Saddam Hussain', 'Jaa', 'AyOitzFaint']","https://na.op.gg/multi/query=Ceiling,Drexif,P1ce,Martin Van Buren,Saddam Hussain,Jaa,AyOitzFaint,",https://na.op.gg/multi/query=
Team MØth,East 8,/lol/teams/7340,Iron 3,2,1,3,2,7,Iron 3,2,"['Lil Chimp', 'neery101', 'illbie', 'KenDynasty', 'Fropple', 'Pengwins']","https://na.op.gg/multi/query=Lil Chimp,neery101,illbie,KenDynasty,Fropple,Pengwins,",https://na.op.gg/multi/query=
UB League Team C,East 7,/lol/teams/7641,Bronze 1,8,7,0,14,2,Gold 3,14,"['it just a joke', 'Nami Fillet', 'rThSoNancy', 'Uth0n', 'Benisjammin', 'calesion', 'Bronxsciencenerd', 'SGFBPS10', 'Oblivion Walker8', 'ShiëId', 'PapaRobo']","https://na.op.gg/multi/query=it just a joke,Nami Fillet,rThSoNancy,Uth0n,Benisjammin,calesion,Bronxsciencenerd,SGFBPS10,Oblivion Walker8,ShiëId,","https://na.op.gg/multi/query=PapaRobo,"
UAlbany Apes,East 7,/lol/teams/7615,Bronze 1,8,6,1,13,2,Silver 4,9,"['Wolfenmanjenson', 'Caketharsis', 'Quackers McQuack', 'i dont hit kids', 'henREEEEEEE', 'Dandar', 'SlicedBlu']","https://na.op.gg/multi/query=Wolfenmanjenson,Caketharsis,Quackers McQuack,i dont hit kids,henREEEEEEE,Dandar,SlicedBlu,",https://na.op.gg/multi/query=
Good as Gold,East 7,/lol/teams/6781,Bronze 1,8,4,2,8,5,Silver 1,12,"['Kaizser', 'chinadude3', 'Thewasher19', 'FluttR', 'WhyCanINotGetANa', 'GodRakaGG', 'Jay5t3r']","https://na.op.gg/multi/query=Kaizser,chinadude3,Thewasher19,FluttR,WhyCanINotGetANa,GodRakaGG,Jay5t3r,",https://na.op.gg/multi/query=
UR PURPLE,East 7,/lol/teams/7395,Silver 3,10,2,3,6,6,Gold 3,14,"['HeliosN', 'BiasedBroccoli', 'Arcon of Exitium', 'Iceh', 'wusword77', 'ChewieSoloGaming', 'hissondik', 'Luigiliu', 'amysucksatthis', 'SS Aethoss']","https://na.op.gg/multi/query=HeliosN,BiasedBroccoli,Arcon of Exitium,Iceh,wusword77,ChewieSoloGaming,hissondik,Luigiliu,amysucksatthis,SS Aethoss,",https://na.op.gg/multi/query=
Vergil+,East 7,/lol/teams/7606,Bronze 3,6,1,3,2,6,Bronze 1,8,"['Kurahaneko', 'perner', 'Dinosauritz', 'Lib', 'typhowowl', 'Maxus']","https://na.op.gg/multi/query=Kurahaneko,perner,Dinosauritz,Lib,typhowowl,Maxus,",https://na.op.gg/multi/query=
EGDC - Team Omega,East 7,/lol/teams/6313,Bronze 1,8,1,3,2,6,Bronze 1,8,"['Nimimi', 'Killtheman29']","https://na.op.gg/multi/query=Nimimi,Killtheman29,",https://na.op.gg/multi/query=
Albany Alpha Sugma Sugma,East 7,/lol/teams/7618,Silver 3,10,1,3,2,6,Gold 3,14,"['Caketharsis', 'JIN V2', 'RocktheWorlds', 'DrTrollkip', 'lazulee', 'Azloc', 'spond99']","https://na.op.gg/multi/query=Caketharsis,JIN V2,RocktheWorlds,DrTrollkip,lazulee,Azloc,spond99,",https://na.op.gg/multi/query=
The Shaft,East 7,/lol/teams/7619,No Players Found,0,0,7,0,14,No Players Found,0,[],https://na.op.gg/multi/query=,https://na.op.gg/multi/query=
RMU Team Blue,East 6,/lol/teams/7318,Bronze 2,7,5,1,10,3,Silver 4,9,"['Mittica', 'Slurpe', 'NormTrooper67', 'russ217187', 'Strandomintoo', 'Gir Knives', 'Lanks']","https://na.op.gg/multi/query=Mittica,Slurpe,NormTrooper67,russ217187,Strandomintoo,Gir Knives,Lanks,",https://na.op.gg/multi/query=
NYU Orange,East 6,/lol/teams/7026,Bronze 2,7,5,1,10,2,Silver 4,9,"['TIMAE', 'Slimmest Jim', 'DiabetesXplosion', 'Sylveke', 'Bwildy', 'The Mystery Van', 'bobthesneil', 'ccmachine']","https://na.op.gg/multi/query=TIMAE,Slimmest Jim,DiabetesXplosion,Sylveke,Bwildy,The Mystery Van,bobthesneil,ccmachine,",https://na.op.gg/multi/query=
NYU Yellow,East 6,/lol/teams/5034,Iron 1,4,4,2,9,4,Bronze 3,6,"['TIMAE', 'Hadokuun', '4boh', 'TheAvrgGatsby', 'PandaTrollLOL', 'JasonTheAsian', 'Sylveke', 'CN best1']","https://na.op.gg/multi/query=TIMAE,Hadokuun,4boh,TheAvrgGatsby,PandaTrollLOL,JasonTheAsian,Sylveke,CN best1,",https://na.op.gg/multi/query=
SJU Hawks Gold,East 6,/lol/teams/6439,Silver 2,11,3,3,6,6,Silver 1,12,"['Phonics', 'boulTimTam', 'Clothmonster', 'Pjergsen', 'Krackedd', 'Ęxodus', 'DogWiener', 'lil toasty boi']","https://na.op.gg/multi/query=Phonics,boulTimTam,Clothmonster,Pjergsen,Krackedd,Ęxodus,DogWiener,lil toasty boi,",https://na.op.gg/multi/query=
Kevin Fiesta,East 6,/lol/teams/2887,Iron 1,4,2,3,4,6,Bronze 2,7,"['Capitalistkiller', 'The Better JG', 'cursedhaven', 'Ravviolli', 'justadonia', 'Keyvin', 'lLLUMlNATl', 'LesleyDLegend', 'IssaLingWrap']","https://na.op.gg/multi/query=Capitalistkiller,The Better JG,cursedhaven,Ravviolli,justadonia,Keyvin,lLLUMlNATl,LesleyDLegend,IssaLingWrap,",https://na.op.gg/multi/query=
FLCC Ban Fiddle,East 6,/lol/teams/6568,Iron 1,4,0,5,0,10,Bronze 4,5,"['therencren', 'Ban Fiddle', 'Zephyr Ravenswor', 'TavianC5', 'renkenter', '8thBitHero', 'Pink Gazebo']","https://na.op.gg/multi/query=therencren,Ban Fiddle,Zephyr Ravenswor,TavianC5,renkenter,8thBitHero,Pink Gazebo,",https://na.op.gg/multi/query=
DeSales Bulldogs,East 6,/lol/teams/5221,Gold 2,15,0,4,0,8,Gold 2,15,"['Saltopus', 'Santa Gragas', 'Tyirshkid', 'FlyingXela']","https://na.op.gg/multi/query=Saltopus,Santa Gragas,Tyirshkid,FlyingXela,",https://na.op.gg/multi/query=
Rock.lol Green,East 5,/lol/teams/5343,Gold 4,13,6,0,12,1,Gold 1,16,"['Wicked Bvllet', 'Frostfull', 'Gigabyted', 'BWoods45', 'Quinn Davidson', 'Angelous', 'Narthen', 'Griffout']","https://na.op.gg/multi/query=Wicked Bvllet,Frostfull,Gigabyted,BWoods45,Quinn Davidson,Angelous,Narthen,Griffout,",https://na.op.gg/multi/query=
PCT Wildcats JV Two,East 5,/lol/teams/6434,Bronze 1,8,4,2,8,5,Silver 2,11,"['BattleMaestro', 'Meptora', 'xXTakeruHikariXx', 'Decentlizard56', 'TheBigBocca23', 'EpicGay11', 'Evil Tick', 'Hypha', 'TangerineDreams']","https://na.op.gg/multi/query=BattleMaestro,Meptora,xXTakeruHikariXx,Decentlizard56,TheBigBocca23,EpicGay11,Evil Tick,Hypha,TangerineDreams,",https://na.op.gg/multi/query=
Duquesne Dukes Team Two,East 5,/lol/teams/7196,Iron 2,3,4,2,8,5,Bronze 4,5,"['Antartican Army', 'Cup of Raw Men', 'Luharis', 'ImmortalJD99', 'Themusician12', 'Robo Panda', 'Panzad21']","https://na.op.gg/multi/query=Antartican Army,Cup of Raw Men,Luharis,ImmortalJD99,Themusician12,Robo Panda,Panzad21,",https://na.op.gg/multi/query=
Carnegie Mellon C,East 5,/lol/teams/6899,Iron 1,4,2,3,6,6,Bronze 4,5,"['Botistic', 'SanYona', 'DaKangster', 'Hakkuza', 'subwrxdragon', 'soulhates']","https://na.op.gg/multi/query=Botistic,SanYona,DaKangster,Hakkuza,subwrxdragon,soulhates,",https://na.op.gg/multi/query=
Penn nope,East 5,/lol/teams/7238,Iron 3,2,2,3,5,7,Iron 3,2,"['FeelsMooseMan', 'Dirtychorizo', 'the odd', 'Tarzann', 'PizzaGanger', 'dkmlolcac']","https://na.op.gg/multi/query=FeelsMooseMan,Dirtychorizo,the odd,Tarzann,PizzaGanger,dkmlolcac,",https://na.op.gg/multi/query=
Goldenbois,East 5,/lol/teams/6433,Iron 3,2,2,4,5,8,Iron 2,3,"['OrdinaryKermit', 'Nightveils', 'MyFallingLight', 'Raiiniichts', 'The Necr0mancer7', 'Fake Film Major', 'Somben']","https://na.op.gg/multi/query=OrdinaryKermit,Nightveils,MyFallingLight,Raiiniichts,The Necr0mancer7,Fake Film Major,Somben,",https://na.op.gg/multi/query=
Wildcats OP,East 5,/lol/teams/6678,Unranked,0,0,6,0,12,Unranked,0,['z2799'],"https://na.op.gg/multi/query=z2799,",https://na.op.gg/multi/query=
INACTIVE NINE,East 4,/lol/teams/2896,Bronze 1,8,6,1,12,3,Gold 4,13,"['vaniallla', 'Tôuka', 'Leol', 'Near vs Kira', 'HolyRhea', 'superyoshi234', 'Shewantsthed667', 'ThanosX']","https://na.op.gg/multi/query=vaniallla,Tôuka,Leol,Near vs Kira,HolyRhea,superyoshi234,Shewantsthed667,ThanosX,",https://na.op.gg/multi/query=
Baron Nassau IV,East 4,/lol/teams/6828,Iron 2,3,6,1,12,3,Bronze 4,5,"['The Flame Archon', 'malucomastodon', 'jujuthegreat', 'ScrubLordPatrick', 'TOMMTOMMBOM', 'ktsao7', 'Mintwaffle', 'spicyyyy', 'CorruptContagion', 'Dolivera']","https://na.op.gg/multi/query=The Flame Archon,malucomastodon,jujuthegreat,ScrubLordPatrick,TOMMTOMMBOM,ktsao7,Mintwaffle,spicyyyy,CorruptContagion,Dolivera,",https://na.op.gg/multi/query=
NJIT D,East 4,/lol/teams/7772,Bronze 4,5,5,2,10,4,Bronze 3,6,"['Resvoir', 'Øctave', 'Star Chow', 'Will A Chaos', 'RSS Senphy', 'The Fly Spy Guy', 'labung6', 'ryanarger']","https://na.op.gg/multi/query=Resvoir,Øctave,Star Chow,Will A Chaos,RSS Senphy,The Fly Spy Guy,labung6,ryanarger,",https://na.op.gg/multi/query=
Red Apple Roadrunners,East 4,/lol/teams/6602,Iron 2,3,4,3,9,6,Iron 1,4,"['EMandarins', 'ztranger', 'Asterous', 'Vaci', 'Dokai', 'Jaiseford', 'arikoalatea', 'nananananaBATMAN']","https://na.op.gg/multi/query=EMandarins,ztranger,Asterous,Vaci,Dokai,Jaiseford,arikoalatea,nananananaBATMAN,",https://na.op.gg/multi/query=
Legends Never Die,East 4,/lol/teams/6487,Iron 2,3,3,4,7,8,Iron 1,4,"['Main bastion', 'angchoi', 'maeluu', 'buckfao', 'Jungalbino', 'nightling22']","https://na.op.gg/multi/query=Main bastion,angchoi,maeluu,buckfao,Jungalbino,nightling22,",https://na.op.gg/multi/query=
Sad Cause Bad Esports,East 4,/lol/teams/7514,Bronze 4,5,3,4,6,8,Silver 2,11,"['DrewSaidWhat', 'DuskinCharm', 'Doctor Hoatzin', 'LandShurima', 'ShmeatLord 2D', 'MissNemesis', 'illusion templar', 'Faithhless', 'Sir Wanksalot', 'ChronosKitten', 'Zapulator', 'Zytosk', 'avengerdarkone', 'ProjectZbles']","https://na.op.gg/multi/query=DrewSaidWhat,DuskinCharm,Doctor Hoatzin,LandShurima,ShmeatLord 2D,MissNemesis,illusion templar,Faithhless,Sir Wanksalot,ChronosKitten,","https://na.op.gg/multi/query=Zapulator,Zytosk,avengerdarkone,ProjectZbles,"
LU Engineers,East 4,/lol/teams/4301,Unranked,0,1,6,2,12,Unranked,0,['Kwanton'],"https://na.op.gg/multi/query=Kwanton,",https://na.op.gg/multi/query=
TCNJ Team One Starleague,East 4,/lol/teams/1101,Silver 2,11,0,7,0,14,Gold 4,13,"['Raki Road', 'Lolí', 'toxic bias', 'ParanoiaComplex', 'HydroNAMIac', 'ISellDrugsForRp', 'NamyzarC', 'RAPdawg530', 'Remmac']","https://na.op.gg/multi/query=Raki Road,Lolí,toxic bias,ParanoiaComplex,HydroNAMIac,ISellDrugsForRp,NamyzarC,RAPdawg530,Remmac,",https://na.op.gg/multi/query=
UD VGTC JVTwo Team,East 3,/lol/teams/6530,Bronze 2,7,6,1,13,4,Gold 3,14,"['IntoTheDusk', 'The Sad Hooker', 'Roulette X', 'majestic monkey5', 'cuprehan', 'A Jaywalker', 'ZzWww', 'Mother Hunter H', 'bamboohorse', 'Zhenphos']","https://na.op.gg/multi/query=IntoTheDusk,The Sad Hooker,Roulette X,majestic monkey5,cuprehan,A Jaywalker,ZzWww,Mother Hunter H,bamboohorse,Zhenphos,",https://na.op.gg/multi/query=
NJIT C,East 3,/lol/teams/7771,Bronze 4,5,3,3,7,6,Silver 2,11,"['Resvoir', 'Øctave', 'CaitdidJFK', 'trindomeer', 'Kil13rofDeath', 'Dawnpression nya', 'Aquiii', 'Yassuo1Trk', 'ddemartini', 'chomp1110', 'nickwre']","https://na.op.gg/multi/query=Resvoir,Øctave,CaitdidJFK,trindomeer,Kil13rofDeath,Dawnpression nya,Aquiii,Yassuo1Trk,ddemartini,chomp1110,","https://na.op.gg/multi/query=nickwre,"
Seton Hall White,East 3,/lol/teams/7097,Gold 4,13,3,2,6,5,Gold 2,15,"['Linley Baruch', 'Fontwego', 'Milli Vanilli', 'lBrisingerl', 'Jfwarriors', 'Roven', 'GiftWrappedDoge']","https://na.op.gg/multi/query=Linley Baruch,Fontwego,Milli Vanilli,lBrisingerl,Jfwarriors,Roven,GiftWrappedDoge,",https://na.op.gg/multi/query=
CaptechU Legends,East 3,/lol/teams/4168,Bronze 3,6,3,3,6,7,Gold 2,15,"['Dragonking002', 'SMHydro', 'dragonwarrior199', 'RyanJthegr8', 'CreamyPie69', 'BoringAFUsername', 'ACsaidEnough', 'Asekelo', 'CuteAFUsername', 'Edemms', 'sourrabbit', 'the SAT faerie', 'Quåck', 'Spidtrix']","https://na.op.gg/multi/query=Dragonking002,SMHydro,dragonwarrior199,RyanJthegr8,CreamyPie69,BoringAFUsername,ACsaidEnough,Asekelo,CuteAFUsername,Edemms,","https://na.op.gg/multi/query=sourrabbit,the SAT faerie,Quåck,Spidtrix,"
UMBC Division Three B,East 3,/lol/teams/7085,Bronze 4,5,2,2,5,4,Bronze 4,5,"['Game Mechanics', 'deoxys13', 'Linkool', 'Slide Whistle', 'Xx sombra xX', 'GrandG1331', 'needmorebones']","https://na.op.gg/multi/query=Game Mechanics,deoxys13,Linkool,Slide Whistle,Xx sombra xX,GrandG1331,needmorebones,",https://na.op.gg/multi/query=
Johns Hopkins AHLPX,East 3,/lol/teams/7030,Iron 1,4,2,3,5,6,Bronze 3,6,"['II James II', 'Goo Rae Bob', 'overwatchplayer1', 'Lexiflame', 'MhunterGP3', 'kjkkkkkk', 'bbukka']","https://na.op.gg/multi/query=II James II,Goo Rae Bob,overwatchplayer1,Lexiflame,MhunterGP3,kjkkkkkk,bbukka,",https://na.op.gg/multi/query=
UMBC Division Three A,East 3,/lol/teams/5130,Bronze 2,7,2,4,4,8,Bronze 1,8,"['Game Mechanics', 'Flayedon', 'WaterRydrake', 'Freezeskybird', 'Atriious', 'vines626', 'TheDarkHero']","https://na.op.gg/multi/query=Game Mechanics,Flayedon,WaterRydrake,Freezeskybird,Atriious,vines626,TheDarkHero,",https://na.op.gg/multi/query=
TCNJ CGC Team Two,East 3,/lol/teams/2932,Bronze 3,6,1,4,2,8,Gold 3,14,"['Unfest', 'BLeever', 'Mysteryward1', 'IWontDominate17', 'r0shm0sh', 'Matt Park', 'Lolí', 'Prídé', 'ATP19', 'veggieboy', 'DarkEnergyFlux', 'Yadomi jinta', 'HierophantGreens', 'HydroNAMIac', 'sparkey705', 'HLX Nightmare', 'RAPdawg530', 'hogeon', 'Eliann', 'scrfed', 'Kyouka09', 'Pocket Support']","https://na.op.gg/multi/query=Unfest,BLeever,Mysteryward1,IWontDominate17,r0shm0sh,Matt Park,Lolí,Prídé,ATP19,veggieboy,","https://na.op.gg/multi/query=DarkEnergyFlux,Yadomi jinta,HierophantGreens,HydroNAMIac,sparkey705,HLX Nightmare,RAPdawg530,hogeon,Eliann,scrfed,Kyouka09,Pocket Support,"
Morganites,East 2,/lol/teams/5780,Gold 4,13,7,0,14,0,Gold 1,16,"['KidRobin', 'CatacombKid', 'The Mortal Blade', 'XSuperJustin', 'WB Nightmare', 'Your Move']","https://na.op.gg/multi/query=KidRobin,CatacombKid,The Mortal Blade,XSuperJustin,WB Nightmare,Your Move,",https://na.op.gg/multi/query=
UMBC Division Three C,East 2,/lol/teams/7086,Iron 2,3,5,2,10,4,Iron 2,3,"['Game Mechanics', 'Qwenter', 'Palamulu', 'ApoG1212', 'Imt0uchingmyself', 'HSSlasherr']","https://na.op.gg/multi/query=Game Mechanics,Qwenter,Palamulu,ApoG1212,Imt0uchingmyself,HSSlasherr,",https://na.op.gg/multi/query=
MU Thundering Herd Black,East 2,/lol/teams/7083,Bronze 4,5,5,1,10,2,Silver 4,9,"['Ivandis', 'TheAsakuraHour', 'Gapollo', 'Hardiva', 'tankroy', 'Alexhuff', 'WTChurchill', 'Zenzo96', 'Im Mistah J']","https://na.op.gg/multi/query=Ivandis,TheAsakuraHour,Gapollo,Hardiva,tankroy,Alexhuff,WTChurchill,Zenzo96,Im Mistah J,",https://na.op.gg/multi/query=
UMBC Salty Lemons,East 2,/lol/teams/7099,Iron 4,1,4,2,8,4,Iron 4,1,"['Game Mechanics', 'WazEom', 'Oh my YAM', 'parky 16', 'C4t8u9', 'Reksaig0d']","https://na.op.gg/multi/query=Game Mechanics,WazEom,Oh my YAM,parky 16,C4t8u9,Reksaig0d,",https://na.op.gg/multi/query=
Shenandoah University,East 2,/lol/teams/6972,Iron 3,2,3,4,6,8,Iron 3,2,"['Th3Mudkipking', 'Cöla', 'Chaboydubb', 'bigdeal77', 'Haezey', 'Nonchalant Ocean']","https://na.op.gg/multi/query=Th3Mudkipking,Cöla,Chaboydubb,bigdeal77,Haezey,Nonchalant Ocean,",https://na.op.gg/multi/query=
Liberty University Red,East 2,/lol/teams/6222,No Players Found,0,2,5,4,10,No Players Found,0,[],https://na.op.gg/multi/query=,https://na.op.gg/multi/query=
Tidewater Storm Sub-Team,East 2,/lol/teams/7256,Bronze 1,8,1,6,2,12,Silver 3,10,"['Chewy Sensei', 'Bl00dsh0t', 'XGameofThrowsX', 'Ihaveaboxfan', 'lastdreamgg', 'Virtualdark']","https://na.op.gg/multi/query=Chewy Sensei,Bl00dsh0t,XGameofThrowsX,Ihaveaboxfan,lastdreamgg,Virtualdark,",https://na.op.gg/multi/query=
CSL_Admin_Dummy_Team,East 2,/lol/teams/7803,Unranked,0,0,7,0,14,Unranked,0,['KawaiiRice LighT'],"https://na.op.gg/multi/query=KawaiiRice LighT,",https://na.op.gg/multi/query=
Fire Ant LoL,East 1,/lol/teams/6225,Unranked,0,7,0,14,0,Unranked,0,"['K P 6', 'Mentor VII']","https://na.op.gg/multi/query=K P 6,Mentor VII,",https://na.op.gg/multi/query=
Clemson D team,East 1,/lol/teams/6622,Bronze 4,5,6,1,12,4,Bronze 3,6,"['HerndonChad', 'VG iSpartan', 'DevastatorXII', 'Otter King', 'r3cebarnett', 'ZBSkelton', 'accuracy114']","https://na.op.gg/multi/query=HerndonChad,VG iSpartan,DevastatorXII,Otter King,r3cebarnett,ZBSkelton,accuracy114,",https://na.op.gg/multi/query=
UNC DIVISION THREE,East 1,/lol/teams/7225,Bronze 1,8,4,3,9,7,Silver 1,12,"['bberk', 'Silver Bunny', 'pchooooo', 'The Main Man', 'Partrbox', 'She rejected me', 'INFPlaysHD', 'chungfumaster', 'Kappa Yi Carry']","https://na.op.gg/multi/query=bberk,Silver Bunny,pchooooo,The Main Man,Partrbox,She rejected me,INFPlaysHD,chungfumaster,Kappa Yi Carry,",https://na.op.gg/multi/query=
Duke Difference,East 1,/lol/teams/7000,Bronze 1,8,3,3,7,7,Gold 2,15,"['Jeffacake', 'WeChildrenof God', 'XSharPu', 'wompachomp', 'dragojeff', 'FutureBeyond', 'Mr Happy Squared', 'ChrisChroma', 'Verechii', 'Jauntyy', 'Tendril', 'theherozerox1234']","https://na.op.gg/multi/query=Jeffacake,WeChildrenof God,XSharPu,wompachomp,dragojeff,FutureBeyond,Mr Happy Squared,ChrisChroma,Verechii,Jauntyy,","https://na.op.gg/multi/query=Tendril,theherozerox1234,"
Clemson C Team,East 1,/lol/teams/4307,Silver 3,10,3,3,7,6,Gold 2,15,"['The Dong Gundam', 'Otter King', 'Bryson1236', 'Eragon1239', 'Zerukai', 'nyakasgoods', 'AegisSC', 'DynamicRhino', 'MrHashSSlasher', 'Josh1', 'Ashlord9']","https://na.op.gg/multi/query=The Dong Gundam,Otter King,Bryson1236,Eragon1239,Zerukai,nyakasgoods,AegisSC,DynamicRhino,MrHashSSlasher,Josh1,","https://na.op.gg/multi/query=Ashlord9,"
High Point University,East 1,/lol/teams/6418,Iron 2,3,1,4,3,8,Bronze 2,7,"['Tufenuf', 'The Technomancer', 'Quicksilvr2000', 'The Elemental VI', 'škÿy', 'TocadileSupreme', 'I Want Carter', 'Tillerr', 'PVT Icecube', 'WarWolvez', 'TheboyRory', 'Snakeye49', 'Linko320']","https://na.op.gg/multi/query=Tufenuf,The Technomancer,Quicksilvr2000,The Elemental VI,škÿy,TocadileSupreme,I Want Carter,Tillerr,PVT Icecube,WarWolvez,","https://na.op.gg/multi/query=TheboyRory,Snakeye49,Linko320,"
GCE Black II XIX,East 1,/lol/teams/4147,Silver 1,12,1,4,2,8,Gold 3,14,"['Redlaf', 'GougeEmValor', 'terriyaky', 'Bluebird959', 'Tropikal', 'Emperorslingshot']","https://na.op.gg/multi/query=Redlaf,GougeEmValor,terriyaky,Bluebird959,Tropikal,Emperorslingshot,",https://na.op.gg/multi/query=
Gamecock Esports Grey,East 1,/lol/teams/6459,No Players Found,0,0,7,0,14,No Players Found,0,[],https://na.op.gg/multi/query=,https://na.op.gg/multi/query=
USF Team C,South 4,/lol/teams/5328,Silver 3,10,7,0,14,0,Gold 3,14,"['Kingtheseus', 'Sea Lıon', 'narutoespb', 'KissingKousins', 'jackwerdd', 'saltegrill', 'The0akDwarf']","https://na.op.gg/multi/query=Kingtheseus,Sea Lıon,narutoespb,KissingKousins,jackwerdd,saltegrill,The0akDwarf,",https://na.op.gg/multi/query=
UCF Gaming Knights C,South 4,/lol/teams/7637,Bronze 2,7,5,2,10,5,Silver 2,11,"['TheOnlyPyro', 'Káze', 'Draegver', 'Psycicrock', 'Sarinda', 'Brëad', 'Yadid', 'rakaninabottle69']","https://na.op.gg/multi/query=TheOnlyPyro,Káze,Draegver,Psycicrock,Sarinda,Brëad,Yadid,rakaninabottle69,",https://na.op.gg/multi/query=
Two K Eighteen EU JV II,South 4,/lol/teams/6643,Bronze 3,6,5,2,10,4,Silver 3,10,"['Levin', 'Ridleh', 'Philius Cornhole', 'The Master J', 'MCMECHA', 'Fifth Quigle', 'KoixPelvis', 'WheeloFifty']","https://na.op.gg/multi/query=Levin,Ridleh,Philius Cornhole,The Master J,MCMECHA,Fifth Quigle,KoixPelvis,WheeloFifty,",https://na.op.gg/multi/query=
Feeding or AFK,South 4,/lol/teams/7015,Iron 1,4,4,3,9,6,Bronze 3,6,"['jad5596', 'LtLAW', 'mabarry3', 'FrodoGankins', 'xCranshaw', 'Poppa Goose', 'MrRussian', 'CrazyShota5']","https://na.op.gg/multi/query=jad5596,LtLAW,mabarry3,FrodoGankins,xCranshaw,Poppa Goose,MrRussian,CrazyShota5,",https://na.op.gg/multi/query=
Mako Sharks,South 4,/lol/teams/7287,Bronze 4,5,4,3,8,6,Bronze 4,5,"['Wyvernaa', 'Chaotix0P', 'Pikalulz', 'GamerGibbons', 'meatmhead', 'SwordMasters']","https://na.op.gg/multi/query=Wyvernaa,Chaotix0P,Pikalulz,GamerGibbons,meatmhead,SwordMasters,",https://na.op.gg/multi/query=
Phoenix Embers,South 4,/lol/teams/7427,Bronze 2,7,1,6,2,12,Silver 2,11,"['zGeneralMasta', 'MR FlSH', 'nautilustitanic', 'CheatFleet', 'Tinnaron', 'Impavid', 'konnor kent', 'ChaoMasterFunk', 'Mycahl']","https://na.op.gg/multi/query=zGeneralMasta,MR FlSH,nautilustitanic,CheatFleet,Tinnaron,Impavid,konnor kent,ChaoMasterFunk,Mycahl,",https://na.op.gg/multi/query=
GT Grey,South 4,/lol/teams/7424,Unranked,0,1,5,2,10,Unranked,0,"['Username10010', 'ShimiSaga', 'CareZix', 'Camukaze', 'SelIDankMemes4RP', 'roggarog']","https://na.op.gg/multi/query=Username10010,ShimiSaga,CareZix,Camukaze,SelIDankMemes4RP,roggarog,",https://na.op.gg/multi/query=
Dubski,South 4,/lol/teams/7392,Silver 4,9,0,6,0,12,Silver 4,9,"['DANKSTORM710', 'Slab mat']","https://na.op.gg/multi/query=DANKSTORM710,Slab mat,",https://na.op.gg/multi/query=
Cosmic Striders,South 3,/lol/teams/7012,Iron 1,4,7,0,14,0,Bronze 3,6,"['Sheap', 'llZagreusll', 'FlareStriker', 'Casniper2', 'dkimtotherim', 'RadicalPandaru', 'CoroThePoro']","https://na.op.gg/multi/query=Sheap,llZagreusll,FlareStriker,Casniper2,dkimtotherim,RadicalPandaru,CoroThePoro,",https://na.op.gg/multi/query=
AUKSA,South 3,/lol/teams/7369,Iron 1,4,6,1,12,2,Bronze 4,5,"['Il Primo', 'kevoo7', 'daVich', 'I demote you', 'Mallalia', 'Eomhowoong', 'I Promote You']","https://na.op.gg/multi/query=Il Primo,kevoo7,daVich,I demote you,Mallalia,Eomhowoong,I Promote You,",https://na.op.gg/multi/query=
KSU Rumble in the Jungle,South 3,/lol/teams/6625,Iron 2,3,2,2,5,4,Iron 1,4,"['WaifuGuy', 'TheWitherGolem', 'Danson14', 'BestSquidPope', 'Comfy Milk Tea', 'Pisexual', 'frantos']","https://na.op.gg/multi/query=WaifuGuy,TheWitherGolem,Danson14,BestSquidPope,Comfy Milk Tea,Pisexual,frantos,",https://na.op.gg/multi/query=
KSU Lightweights,South 3,/lol/teams/6347,Bronze 1,8,2,3,4,7,Silver 2,11,"['J0HN LOCKE', 'A Bowl of Kix', 'Professor Tiger', 'TrueDamage AkaIi', 'Kek9', 'Snorf7', 'kinghalo87']","https://na.op.gg/multi/query=J0HN LOCKE,A Bowl of Kix,Professor Tiger,TrueDamage AkaIi,Kek9,Snorf7,kinghalo87,",https://na.op.gg/multi/query=
GT Red,South 3,/lol/teams/6592,Iron 2,3,2,3,4,7,Bronze 4,5,"['asianRapGod', 'gray9Wolf', 'SniperSlayer777', 'Panhandleman', 'RikuHaruno', 'BaneFeathers', 'Vita Vivet', 'Nayoung Jin']","https://na.op.gg/multi/query=asianRapGod,gray9Wolf,SniperSlayer777,Panhandleman,RikuHaruno,BaneFeathers,Vita Vivet,Nayoung Jin,",https://na.op.gg/multi/query=
AFK FARM,South 3,/lol/teams/7192,Iron 4,1,2,3,4,6,Iron 4,1,"['Stax', 'FunAsh16', 'Smøker', 'Randitus', 'intheBearcave', 'Namis Thighs']","https://na.op.gg/multi/query=Stax,FunAsh16,Smøker,Randitus,intheBearcave,Namis Thighs,",https://na.op.gg/multi/query=
GT Pink,South 3,/lol/teams/6632,Bronze 4,5,1,3,3,6,Bronze 4,5,"['Lormen', 'Kitt Geekazaru', 'Infinium', 'Nintendo NoVa', 'Sir Thong', 'Excaliburistic']","https://na.op.gg/multi/query=Lormen,Kitt Geekazaru,Infinium,Nintendo NoVa,Sir Thong,Excaliburistic,",https://na.op.gg/multi/query=
Brains and Braum,South 3,/lol/teams/6893,No Players Found,0,0,7,0,14,No Players Found,0,[],https://na.op.gg/multi/query=,https://na.op.gg/multi/query=
Lsu Purple III,South 2,/lol/teams/6550,Iron 2,3,5,1,11,3,Iron 2,3,"['Super Birb', 'NyaaKitty', 'TimeToBomb', 'LF Cute Asian GF', 'asianface99', 'Teravolt', 'Raísíng Kayns', 'Croc Blocker']","https://na.op.gg/multi/query=Super Birb,NyaaKitty,TimeToBomb,LF Cute Asian GF,asianface99,Teravolt,Raísíng Kayns,Croc Blocker,",https://na.op.gg/multi/query=
JihyuksD,South 2,/lol/teams/7389,Bronze 3,6,5,1,11,3,Bronze 2,7,"['Rubiscos', 'kjw130913', 'jobche', 'MEVIUS sky blue3', 'Kaiskz', 'ParQue9697']","https://na.op.gg/multi/query=Rubiscos,kjw130913,jobche,MEVIUS sky blue3,Kaiskz,ParQue9697,",https://na.op.gg/multi/query=
Lsu Gold III,South 2,/lol/teams/6549,Bronze 1,8,3,1,6,3,Gold 4,13,"['Jungus', 'Super Birb', 'Bbewwerdna', 'HDBeast', 'Astreauxboy', 'LF Cute Asian GF', 'Howwi', 'Sir Rayne', 'asianface99', 'Teravolt', 'TooNastySon']","https://na.op.gg/multi/query=Jungus,Super Birb,Bbewwerdna,HDBeast,Astreauxboy,LF Cute Asian GF,Howwi,Sir Rayne,asianface99,Teravolt,","https://na.op.gg/multi/query=TooNastySon,"
Blazers uLoL Gold,South 2,/lol/teams/7535,Silver 4,9,3,3,6,7,Silver 4,9,['pancode'],"https://na.op.gg/multi/query=pancode,",https://na.op.gg/multi/query=
TeamNameWon'tFi,South 2,/lol/teams/6897,Iron 4,1,1,4,3,8,Iron 4,1,"['Stax', 'Excellium', 'Hungery', 'Familyman96', 'iEatMeowth', 'Sirvanderfall']","https://na.op.gg/multi/query=Stax,Excellium,Hungery,Familyman96,iEatMeowth,Sirvanderfall,",https://na.op.gg/multi/query=
Ua White,South 2,/lol/teams/7487,Gold 2,15,0,4,1,8,Gold 2,15,"['Chipper', 'WhoIsJohnGalt149', 'Yaseminn', 'Captianholt', 'Wrecked Sai', 'SnakeThorn']","https://na.op.gg/multi/query=Chipper,WhoIsJohnGalt149,Yaseminn,Captianholt,Wrecked Sai,SnakeThorn,",https://na.op.gg/multi/query=
Ua Crimson,South 2,/lol/teams/7478,Silver 2,11,0,3,0,6,Silver 2,11,"['Chipper', 'Yaseminn', 'Hecrimjob']","https://na.op.gg/multi/query=Chipper,Yaseminn,Hecrimjob,",https://na.op.gg/multi/query=
Vanderbilt A,South 1,/lol/teams/7018,Bronze 3,6,7,0,14,0,Silver 1,12,"['AEgo Meltryllis', 'ephemerallove', 'Shuebacca', 'Dezicartso', 'All', 'bruxeinfinity', 'Péaches', 'feryquitous', 'Sagedasoutheast', 'madmeg42']","https://na.op.gg/multi/query=AEgo Meltryllis,ephemerallove,Shuebacca,Dezicartso,All,bruxeinfinity,Péaches,feryquitous,Sagedasoutheast,madmeg42,",https://na.op.gg/multi/query=
Buccaneer's eSports Team,South 1,/lol/teams/6337,Iron 3,2,6,1,12,3,Iron 3,2,"['Lionskrike', 'taznkid', 'Mephitztopheles', 'thotty 2 hotty', 'Distraptre', 'kingrageboyxd']","https://na.op.gg/multi/query=Lionskrike,taznkid,Mephitztopheles,thotty 2 hotty,Distraptre,kingrageboyxd,",https://na.op.gg/multi/query=
LSU Black III,South 1,/lol/teams/5676,Bronze 4,5,4,3,10,6,Bronze 2,7,"['lonk404', 'nuju73', 'Rouxful', 'Kyarou', 'Dalaylan', 'SkiddilyDoo21', 'I am Groot IV', 'KhaosRider']","https://na.op.gg/multi/query=lonk404,nuju73,Rouxful,Kyarou,Dalaylan,SkiddilyDoo21,I am Groot IV,KhaosRider,",https://na.op.gg/multi/query=
MSU LoL C,South 1,/lol/teams/6431,Bronze 2,7,4,3,8,7,Silver 3,10,"['Gérard', 'Sensanity', 'm0nkeyman14', 'LawrenceØfArabia', 'nhwilliam', 'MagîcalChicken3', 'ArktØs', 'Xienxia', 'What the Phouc']","https://na.op.gg/multi/query=Gérard,Sensanity,m0nkeyman14,LawrenceØfArabia,nhwilliam,MagîcalChicken3,ArktØs,Xienxia,What the Phouc,",https://na.op.gg/multi/query=
Did They Stealth Gaming,South 1,/lol/teams/6726,Bronze 4,5,4,3,8,6,Bronze 1,8,"['Dangermon', 'Gareki Haon', 'CrazyTrex', 'Donogaming', 'Heysam', 'GodzillaBurgers', 'Suspe18', 'trentzus']","https://na.op.gg/multi/query=Dangermon,Gareki Haon,CrazyTrex,Donogaming,Heysam,GodzillaBurgers,Suspe18,trentzus,",https://na.op.gg/multi/query=
Trine Gold,South 1,/lol/teams/7188,Iron 1,4,2,5,4,10,Bronze 3,6,"['Zendeikon', 'Chazter', 'IdPreferNotTo', 'Dicolas Cheney', 'CoffeeConn', 'xx1MiniMan1xx', 'Gategeneral', 'CloakedPanda']","https://na.op.gg/multi/query=Zendeikon,Chazter,IdPreferNotTo,Dicolas Cheney,CoffeeConn,xx1MiniMan1xx,Gategeneral,CloakedPanda,",https://na.op.gg/multi/query=
MSU LoL D,South 1,/lol/teams/6432,Bronze 2,7,1,6,2,12,Silver 1,12,"['Gérard', 'LoacheTheRoache', 'Hewdrex', 'Sifreyja', 'mocyhomes', 'thatguykaleb', 'Kaÿngaroo', 'Ringohs', 'MetaString']","https://na.op.gg/multi/query=Gérard,LoacheTheRoache,Hewdrex,Sifreyja,mocyhomes,thatguykaleb,Kaÿngaroo,Ringohs,MetaString,",https://na.op.gg/multi/query=
Lsu White III,South 1,/lol/teams/6551,Diamond 4,21,0,7,0,14,Diamond 4,21,['asianface99'],"https://na.op.gg/multi/query=asianface99,",https://na.op.gg/multi/query=
UTK For Fun,Midwest 8,/lol/teams/7692,Bronze 3,6,7,0,14,0,Bronze 1,8,"['s2 shanu', 'warhead852', 'Tyrine', 'Xplosiv Bacon', 'miniman786', 'pizzalover786', 'seolasystem']","https://na.op.gg/multi/query=s2 shanu,warhead852,Tyrine,Xplosiv Bacon,miniman786,pizzalover786,seolasystem,",https://na.op.gg/multi/query=
Kent State Club GOLD,Midwest 8,/lol/teams/6319,Bronze 2,7,6,1,12,2,Silver 3,10,"['TheBear259', 'Short Stop', 'IgnisEternus', 'Mortelle', 'OblivionShay', 'TwinkieDaKid', 'clankXgear', 'OPeeNess', 'Rabyrd', 'Winzig']","https://na.op.gg/multi/query=TheBear259,Short Stop,IgnisEternus,Mortelle,OblivionShay,TwinkieDaKid,clankXgear,OPeeNess,Rabyrd,Winzig,",https://na.op.gg/multi/query=
OU Tempest,Midwest 8,/lol/teams/7033,Gold 2,15,2,4,5,9,Platinum 1,20,"['Foreign Guy', 'Kitz Snipez', 'RevelationX03', 'dok', 'Laglicious', 'TheAsianInvasion', 'Flabbyb', 'PepperoniTomato', 'pøe', 'Myosin', 'LOLGod2000', 'KilroyTheGreat']","https://na.op.gg/multi/query=Foreign Guy,Kitz Snipez,RevelationX03,dok,Laglicious,TheAsianInvasion,Flabbyb,PepperoniTomato,pøe,Myosin,","https://na.op.gg/multi/query=LOLGod2000,KilroyTheGreat,"
Vanderbilt Commodores JV TWO B,Midwest 8,/lol/teams/7019,Bronze 4,5,2,3,4,6,Bronze 1,8,"['7Wylly7', 'kg583', 'DivineWrathX', 'Skillshot25', 'Richard Lit', 'HotsthotGG', 'thegame43', 'Russian is Good']","https://na.op.gg/multi/query=7Wylly7,kg583,DivineWrathX,Skillshot25,Richard Lit,HotsthotGG,thegame43,Russian is Good,",https://na.op.gg/multi/query=
Tiffin University Gold,Midwest 8,/lol/teams/6292,Iron 1,4,2,2,4,5,Bronze 4,5,"['vitamin clutch', 'TU Nidus', 'zCody', 'Bushyasta', 'Xephonix', 'N0VABERRY', 'Zarkaron']","https://na.op.gg/multi/query=vitamin clutch,TU Nidus,zCody,Bushyasta,Xephonix,N0VABERRY,Zarkaron,",https://na.op.gg/multi/query=
Bronco Dynasty,Midwest 8,/lol/teams/6556,Bronze 4,5,0,2,1,4,Bronze 1,8,"['Daddy Juice', 'Ashfault18', 'Soaringeagle69', 'ZeroxImpulse', 'Smitty9', 'SourEggs', 'op2hard', 'TooTallTANK']","https://na.op.gg/multi/query=Daddy Juice,Ashfault18,Soaringeagle69,ZeroxImpulse,Smitty9,SourEggs,op2hard,TooTallTANK,",https://na.op.gg/multi/query=
Wayne Warriors - Green,Midwest 8,/lol/teams/7688,Silver 4,9,0,3,0,6,Platinum 4,17,"['Tape', 'SniffohGod', 'Avrofosho', 'TV0', 'Tokkkul', 'Lord Sazuri', 'KingRoli', 'Rubbish Talon', 'Icarrus45', 'BULGOGI BOYZ', 'The Cleaner', '51020Sioux48042', 'Tekoya']","https://na.op.gg/multi/query=Tape,SniffohGod,Avrofosho,TV0,Tokkkul,Lord Sazuri,KingRoli,Rubbish Talon,Icarrus45,BULGOGI BOYZ,","https://na.op.gg/multi/query=The Cleaner,51020Sioux48042,Tekoya,"
FSU Bulldogs,Midwest 8,/lol/teams/6608,Silver 3,10,0,4,0,8,Gold 3,14,"['Minecraftforxbox', 'FSU Andy', 'Dwuarf', 'Cheez', 'Huskerz', 'ImAcen', 'Mishli', 'MostHiddenGolem']","https://na.op.gg/multi/query=Minecraftforxbox,FSU Andy,Dwuarf,Cheez,Huskerz,ImAcen,Mishli,MostHiddenGolem,",https://na.op.gg/multi/query=
Viking eSports,Midwest 8,/lol/teams/5291,Bronze 2,7,6,1,13,3,Gold 4,13,"['Brandle', 'wooƒ', 'Gallian', 'Gabriel Forge', 'Prìapism', 'Woof', 'ozpiin', 'BounceAndJiggle', 'THE EPIC BANANA']","https://na.op.gg/multi/query=Brandle,wooƒ,Gallian,Gabriel Forge,Prìapism,Woof,ozpiin,BounceAndJiggle,THE EPIC BANANA,",https://na.op.gg/multi/query=
MESC JV II A,Midwest 8,/lol/teams/4611,Silver 1,12,6,1,13,3,Gold 4,13,"['Gransee', 'Spaghettius', 'IPIasma', 'Tobiswirls24', 'Donyatsuu', 'The Real JZ', 'Sárnait']","https://na.op.gg/multi/query=Gransee,Spaghettius,IPIasma,Tobiswirls24,Donyatsuu,The Real JZ,Sárnait,",https://na.op.gg/multi/query=
Mizzou C Team,Midwest 8,/lol/teams/7481,Platinum 2,19,5,2,10,5,Platinum 2,19,"['Forgetting', 'joshquest']","https://na.op.gg/multi/query=Forgetting,joshquest,",https://na.op.gg/multi/query=
MESC JV II B,Midwest 8,/lol/teams/4612,Platinum 3,18,3,4,8,8,Platinum 3,18,['Dyego'],"https://na.op.gg/multi/query=Dyego,",https://na.op.gg/multi/query=
Truman State JV League,Midwest 8,/lol/teams/5661,Bronze 4,5,3,2,7,5,Bronze 3,6,"['Flavius Arcadius', 'Elfatizer', 'IncrediblePage', 'Moo Cactus', 'Gåmer', 'omzor']","https://na.op.gg/multi/query=Flavius Arcadius,Elfatizer,IncrediblePage,Moo Cactus,Gåmer,omzor,",https://na.op.gg/multi/query=
C-SC Academy,Midwest 8,/lol/teams/7596,Bronze 4,5,2,4,4,8,Bronze 1,8,"['Buttercupxx9', 'Iriadel', 'CSC G Roy', 'Golden', 'Apocalypse2025', 'Alxmad', 'Calibrate', 'BeedrillMyAsh']","https://na.op.gg/multi/query=Buttercupxx9,Iriadel,CSC G Roy,Golden,Apocalypse2025,Alxmad,Calibrate,BeedrillMyAsh,",https://na.op.gg/multi/query=
MSU Cubs Gold,Midwest 8,/lol/teams/7594,Bronze 2,7,1,5,2,11,Silver 1,12,"['Adc Girl', 'Fenrir05', 'Kxrsen', 'Gh0stBullet', 'Kìndred', 'GreyKnight137', 'markrtoon', 'juggie1', 'Bruof', 'Lowry Zambooka']","https://na.op.gg/multi/query=Adc Girl,Fenrir05,Kxrsen,Gh0stBullet,Kìndred,GreyKnight137,markrtoon,juggie1,Bruof,Lowry Zambooka,",https://na.op.gg/multi/query=
Viking League of Legends C,Midwest 8,/lol/teams/6325,Gold 2,15,0,7,0,14,Gold 2,15,"['Ryzgo', 'Jacobsan']","https://na.op.gg/multi/query=Ryzgo,Jacobsan,",https://na.op.gg/multi/query=
Beemos,Midwest 6,/lol/teams/6198,Iron 1,4,7,0,14,1,Bronze 2,7,"['SpamsLaugh', 'Sasha Nein', 'Kathmandoom', 'WSU Noxus', 'Bolosstaros897', 'Høzzy', 'Pyrobird99', 'TinyAdorableLoli', 'Kickaction12', 'Blush Pink', 'LuniceJaegerZ', 'TheDustMan']","https://na.op.gg/multi/query=SpamsLaugh,Sasha Nein,Kathmandoom,WSU Noxus,Bolosstaros897,Høzzy,Pyrobird99,TinyAdorableLoli,Kickaction12,Blush Pink,","https://na.op.gg/multi/query=LuniceJaegerZ,TheDustMan,"
KansasState That tasted Purple,Midwest 6,/lol/teams/6370,Gold 3,14,5,2,10,4,Gold 2,15,"['0 Shyguy 0', 'Efam', 'Duckster', 'Adalintor', 'TheCrimsonFlare', 'MMin74', 'Karmabell', 'Thunderguy5767', 'Uncappedbeef6']","https://na.op.gg/multi/query=0 Shyguy 0,Efam,Duckster,Adalintor,TheCrimsonFlare,MMin74,Karmabell,Thunderguy5767,Uncappedbeef6,",https://na.op.gg/multi/query=
Meowkais,Midwest 6,/lol/teams/6223,Bronze 3,6,4,3,8,7,Gold 4,13,"['1800TooDank', 'WSU Noxus', 'RunAwayISuck', 'jocomotion', 'Høzzy', 'Soulls Mordor', 'SkweeGee', 'TheExiledPaladin', 'UbeJuiceBox', 'ehflep', 'young grif', 'FreedomEagle', 'LLCameronLL']","https://na.op.gg/multi/query=1800TooDank,WSU Noxus,RunAwayISuck,jocomotion,Høzzy,Soulls Mordor,SkweeGee,TheExiledPaladin,UbeJuiceBox,ehflep,","https://na.op.gg/multi/query=young grif,FreedomEagle,LLCameronLL,"
Kansas State Fill Two Win,Midwest 6,/lol/teams/6399,Bronze 4,5,3,3,9,7,Bronze 4,5,"['Bosloh', 'Anthonymm2', 'TheCrimsonFlare', 'TripleC321', 'MMin74', 'Da Cloud9 Bajan']","https://na.op.gg/multi/query=Bosloh,Anthonymm2,TheCrimsonFlare,TripleC321,MMin74,Da Cloud9 Bajan,",https://na.op.gg/multi/query=
Drake University White Team,Midwest 6,/lol/teams/6886,Bronze 3,6,2,5,7,12,Silver 1,12,"['WhatanIdiot', 'Xuberant', 'Lord Davros333', 'Phoenixys', 'PharmD park', 'ShadyBiscuit', 'sebyman1000', 'InfiniteEgg123', 'trigrhapymaniak', 'Dirtyjokejr', 'NoahBearslol', 'EllieU01', 'Crashstash5']","https://na.op.gg/multi/query=WhatanIdiot,Xuberant,Lord Davros333,Phoenixys,PharmD park,ShadyBiscuit,sebyman1000,InfiniteEgg123,trigrhapymaniak,Dirtyjokejr,","https://na.op.gg/multi/query=NoahBearslol,EllieU01,Crashstash5,"
UNI White Team,Midwest 6,/lol/teams/7117,Bronze 3,6,2,3,5,7,Gold 4,13,"['iamryboflaven', 'Boooop', 'darkhaven13', 'Tojoro', 'TKG Medforce', 'Knob Monster', 'Im Hoz', 'TheJard', 'Blazeshadow13', 'Pewp VVeinerz', 'hanzomein', 'iiSilverRose']","https://na.op.gg/multi/query=iamryboflaven,Boooop,darkhaven13,Tojoro,TKG Medforce,Knob Monster,Im Hoz,TheJard,Blazeshadow13,Pewp VVeinerz,","https://na.op.gg/multi/query=hanzomein,iiSilverRose,"
League of Beavers,Midwest 6,/lol/teams/7709,Bronze 1,8,2,5,5,11,Silver 4,9,"['failenmagyk', 'Guitar Hero 3', 'hitrgiz87', 'Wolf21810', 'DatVuze47', 'xXSNEAKYNlNJAXx', 'MáRin']","https://na.op.gg/multi/query=failenmagyk,Guitar Hero 3,hitrgiz87,Wolf21810,DatVuze47,xXSNEAKYNlNJAXx,MáRin,",https://na.op.gg/multi/query=
Waldorf Gaming Experience,Midwest 6,/lol/teams/6676,Bronze 3,6,1,5,2,11,Bronze 3,6,"['DR OnePunchBlitz', 'Tritsan', 'Coolio_Frost1', 'straightshifty', 'Octavyan']","https://na.op.gg/multi/query=DR OnePunchBlitz,Tritsan,Coolio_Frost1,straightshifty,Octavyan,",https://na.op.gg/multi/query=
Shawnee Gray,Midwest 5,/lol/teams/6742,Iron 2,3,5,1,11,2,Iron 1,4,"['LilSquirtle', 'Just Dane', 'roppleDopple', 'SSUeSports', 'CrystalWolfFang', 'Ludens pulse', 'AirDashClubKen', 'MegaRakkz']","https://na.op.gg/multi/query=LilSquirtle,Just Dane,roppleDopple,SSUeSports,CrystalWolfFang,Ludens pulse,AirDashClubKen,MegaRakkz,",https://na.op.gg/multi/query=
Akron Zips Club Silver,Midwest 5,/lol/teams/7422,Silver 4,9,4,1,8,5,Gold 3,14,"['Sloppy Joe', 'MrKiwiism', 'BrotherKingYugo', 'pumpkinIRL', 'MrCookieYt', 'Estøc', 'Krishon10', 'Necromancer54', 'Khaiiiiii', 'Jawani', 'bobbyjoegree']","https://na.op.gg/multi/query=Sloppy Joe,MrKiwiism,BrotherKingYugo,pumpkinIRL,MrCookieYt,Estøc,Krishon10,Necromancer54,Khaiiiiii,Jawani,","https://na.op.gg/multi/query=bobbyjoegree,"
MUOH Esports Club Honor,Midwest 5,/lol/teams/6482,Silver 2,11,3,1,8,4,Gold 4,13,"['Deafen', 'pV toxic', 'Presteej', '100 Shoto', 'Blighties', 'Raining In Japan', 'Bush Did My Mom', 'skylimetoon']","https://na.op.gg/multi/query=Deafen,pV toxic,Presteej,100 Shoto,Blighties,Raining In Japan,Bush Did My Mom,skylimetoon,",https://na.op.gg/multi/query=
Zips Blue,Midwest 5,/lol/teams/7421,Silver 3,10,2,2,4,6,Gold 3,14,"['Ørîón', 'twncrier', 'StuckinWall', 'BrotherKingYugo', 'DaCheneySpecial', 'RubyDragonBorn15', 'Thinker519', 'Le Roi', 'TheHyruleFool', 'Weeaboolife', 'breakinbrad', 'joesh23']","https://na.op.gg/multi/query=Ørîón,twncrier,StuckinWall,BrotherKingYugo,DaCheneySpecial,RubyDragonBorn15,Thinker519,Le Roi,TheHyruleFool,Weeaboolife,","https://na.op.gg/multi/query=breakinbrad,joesh23,"
MUOH Esports Club Grey Team,Midwest 5,/lol/teams/6483,Bronze 4,5,0,2,3,4,Bronze 2,7,"['Deafen', 'HolyNinja16', 'TheJevil', 'Katfished', 'Leché', 'JAKL', 'chuckyonder']","https://na.op.gg/multi/query=Deafen,HolyNinja16,TheJevil,Katfished,Leché,JAKL,chuckyonder,",https://na.op.gg/multi/query=
CWRU JV Two Blue,Midwest 5,/lol/teams/6655,Iron 1,4,0,4,2,9,Bronze 2,7,"['import antigrav', 'AlphaBetaZ', 'AnonMuk', 'Celop', 'Bolite', 'SheerLucke', 'mountain03', 'piglionthor', 'Dayruin', 'hyeking', 'kirigaya017']","https://na.op.gg/multi/query=import antigrav,AlphaBetaZ,AnonMuk,Celop,Bolite,SheerLucke,mountain03,piglionthor,Dayruin,hyeking,","https://na.op.gg/multi/query=kirigaya017,"
CaseQwest,Midwest 5,/lol/teams/6713,Bronze 3,6,0,3,0,6,Silver 4,9,"['AlphaBetaZ', 'Liberal', 'Dayruin', 'Yellowman', 'suenrg', 'red bublz', 'blackemberX']","https://na.op.gg/multi/query=AlphaBetaZ,Liberal,Dayruin,Yellowman,suenrg,red bublz,blackemberX,",https://na.op.gg/multi/query=
Columbia Renegades JV,Midwest 4,/lol/teams/6827,Bronze 2,7,6,0,12,2,Silver 4,9,"['FIGGLETON', 'SonicBR', 'Stresssed', 'wms910', 'Nigl', '1104', 'Malestare']","https://na.op.gg/multi/query=FIGGLETON,SonicBR,Stresssed,wms910,Nigl,1104,Malestare,",https://na.op.gg/multi/query=
Trine Blue,Midwest 4,/lol/teams/7186,Iron 2,3,4,2,10,6,Iron 2,3,"['Zenatar', 'Ihop72', 'Mistalee01', 'Dolsus', 'BorealAwakening', 'iVee']","https://na.op.gg/multi/query=Zenatar,Ihop72,Mistalee01,Dolsus,BorealAwakening,iVee,",https://na.op.gg/multi/query=
IllinoisJunior,Midwest 4,/lol/teams/6749,Bronze 2,7,4,2,10,4,Silver 1,12,"['PirateWindows', 'Ple1ades', 'Disafae', 'armp1t', 'Jmars9', 'Romulus Lupa', 'VulcanMittens', 'BOBBY SCH', 'Foxisnick', 'Cheese And Eggs', 'epicnerd427']","https://na.op.gg/multi/query=PirateWindows,Ple1ades,Disafae,armp1t,Jmars9,Romulus Lupa,VulcanMittens,BOBBY SCH,Foxisnick,Cheese And Eggs,","https://na.op.gg/multi/query=epicnerd427,"
Saint Xavier University B-Team,Midwest 4,/lol/teams/6451,Iron 1,4,2,2,5,5,Bronze 2,7,"['UnrealClick', 'Stupid Egur', 'RamonasTea', 'Reformed Eboy', 'r1nn3k0', 'milkraft', 'D0M1NANc3', 'Littl3Turtl3']","https://na.op.gg/multi/query=UnrealClick,Stupid Egur,RamonasTea,Reformed Eboy,r1nn3k0,milkraft,D0M1NANc3,Littl3Turtl3,",https://na.op.gg/multi/query=
Box Fans,Midwest 4,/lol/teams/7432,Bronze 4,5,1,4,3,9,Silver 3,10,"['Little smurf row', 'KingOfAllNerds', 'm0j0thed0g', 'runawaybytes', 'I Am Annoyed', 'Kongou Sama', 'ScrublordLarry', 'Ghillieboy15', 'Arock19', 'Total Fiasco']","https://na.op.gg/multi/query=Little smurf row,KingOfAllNerds,m0j0thed0g,runawaybytes,I Am Annoyed,Kongou Sama,ScrublordLarry,Ghillieboy15,Arock19,Total Fiasco,",https://na.op.gg/multi/query=
Indiana Tech Club Team Two,Midwest 4,/lol/teams/7093,Unranked,0,1,4,2,8,Unranked,0,"['TDI Cupcake', 'FlamersAlt', 'ExAmishMafia', 'ExcusableBow3', 'Xstriker5', 'tehxmasta', 'Littlepicci', 'GTOOPS74']","https://na.op.gg/multi/query=TDI Cupcake,FlamersAlt,ExAmishMafia,ExcusableBow3,Xstriker5,tehxmasta,Littlepicci,GTOOPS74,",https://na.op.gg/multi/query=
Indiana Tech Club Team One,Midwest 4,/lol/teams/4672,Bronze 3,6,1,5,2,10,Silver 4,9,"['TDI Cupcake', 'N0RMANDY7', 'omegawolfpack', 'Mxer27', 'Soljin', 'Need a Pink', 'GTOOPS74', 'Androxios']","https://na.op.gg/multi/query=TDI Cupcake,N0RMANDY7,omegawolfpack,Mxer27,Soljin,Need a Pink,GTOOPS74,Androxios,",https://na.op.gg/multi/query=
Vincentian League III,Midwest 3,/lol/teams/6701,Silver 1,12,6,0,12,0,Platinum 4,17,"['omigosh', 'AAYF', 'Elerbee', 'deathsglory', 'Alpha Katie', 'dumbthicc123', 'Killerlu16']","https://na.op.gg/multi/query=omigosh,AAYF,Elerbee,deathsglory,Alpha Katie,dumbthicc123,Killerlu16,",https://na.op.gg/multi/query=
VINCENTIAN LEAGUE IV,Midwest 3,/lol/teams/7155,Bronze 3,6,5,1,10,4,Bronze 1,8,"['Ryujin Tatsuya', 'NotTooShabbey', 'Daktag', 'Byakushii', 'ThatFattyPanda', 'The Jap Who Naps', 'Kaldoran']","https://na.op.gg/multi/query=Ryujin Tatsuya,NotTooShabbey,Daktag,Byakushii,ThatFattyPanda,The Jap Who Naps,Kaldoran,",https://na.op.gg/multi/query=
BU Red.Vengeance,Midwest 3,/lol/teams/7293,Silver 3,10,4,2,9,4,Gold 1,16,"['spartandeath1500', 'K0rasi', 'Brimako', 'ch1l1 ch33s3', 'AngryDwarf99', 'Amabssador Pan', 'y3oJ', 'Ënel', 'm1ck4y']","https://na.op.gg/multi/query=spartandeath1500,K0rasi,Brimako,ch1l1 ch33s3,AngryDwarf99,Amabssador Pan,y3oJ,Ënel,m1ck4y,",https://na.op.gg/multi/query=
Northwestern Wildkits,Midwest 3,/lol/teams/7228,Bronze 1,8,3,3,6,6,Gold 4,13,"['thesecrettaco', 'Svobo', 'Sharp104', 'Liucifer20', 'Nazodude', 'postoso', 'marble7', 'uninstallkys', 'striker19191919', 'Scrumptious Pie', 'Naythen']","https://na.op.gg/multi/query=thesecrettaco,Svobo,Sharp104,Liucifer20,Nazodude,postoso,marble7,uninstallkys,striker19191919,Scrumptious Pie,","https://na.op.gg/multi/query=Naythen,"
Redbird Esports JV One,Midwest 3,/lol/teams/2974,No Players Found,0,2,4,5,9,No Players Found,0,['Redfôx'],"https://na.op.gg/multi/query=Redfôx,",https://na.op.gg/multi/query=
Redbird Esports JV Two,Midwest 3,/lol/teams/6388,Diamond 3,22,0,5,1,10,Diamond 3,22,['Redfôx'],"https://na.op.gg/multi/query=Redfôx,",https://na.op.gg/multi/query=
Other Defunct Team,Midwest 3,/lol/teams/7145,Iron 3,2,0,5,0,10,Iron 1,4,"['Gracile', 'Tattersall', 'UsableChipmunk', 'Papa Oakley', 'SMITTY2420', 'Zaknafien', 'Trashcompactorj9', 'KaptainKaspen']","https://na.op.gg/multi/query=Gracile,Tattersall,UsableChipmunk,Papa Oakley,SMITTY2420,Zaknafien,Trashcompactorj9,KaptainKaspen,",https://na.op.gg/multi/query=
UofMB JV Two,Midwest 2,/lol/teams/6267,Bronze 1,8,5,1,10,5,Gold 4,13,"['No Chill Riven', 'Shotty', 'Fenn Rãu', 'coyslone', 'Píngg', 'Naømi', 'princessgaming99', 'Zhonyah']","https://na.op.gg/multi/query=No Chill Riven,Shotty,Fenn Rãu,coyslone,Píngg,Naømi,princessgaming99,Zhonyah,",https://na.op.gg/multi/query=
Virginity Alliance,Midwest 2,/lol/teams/6823,Silver 4,9,4,2,9,5,Gold 3,14,"['TheYungTurtle', 'Jver', 'Claypool', 'DemaglioOfDunans', 'siege is op', 'xIdarkmonkeyIx', 'NateBabe', 'LeScrubLife', 'acatzilla', 'Shij']","https://na.op.gg/multi/query=TheYungTurtle,Jver,Claypool,DemaglioOfDunans,siege is op,xIdarkmonkeyIx,NateBabe,LeScrubLife,acatzilla,Shij,",https://na.op.gg/multi/query=
DSU Team One,Midwest 2,/lol/teams/6613,Bronze 1,8,3,2,8,4,Gold 3,14,"['Phoenix Rook 21', 'JEGameling', 'Big Cac', 'KappaKappa213', 'Galere2', 'Bàrd', 'Karmikaze', 'teddymanguy', 'utility troll']","https://na.op.gg/multi/query=Phoenix Rook 21,JEGameling,Big Cac,KappaKappa213,Galere2,Bàrd,Karmikaze,teddymanguy,utility troll,",https://na.op.gg/multi/query=
Hardrockers Team B,Midwest 2,/lol/teams/4646,Bronze 4,5,3,3,7,7,Bronze 4,5,"['Soxboy3', 'Nevery Every', 'Pows', 'Yolki', 'DMG Hennessy', 'Birdclaws', 'xiibrutusiix', 'Prase0dymium']","https://na.op.gg/multi/query=Soxboy3,Nevery Every,Pows,Yolki,DMG Hennessy,Birdclaws,xiibrutusiix,Prase0dymium,",https://na.op.gg/multi/query=
Yert,Midwest 2,/lol/teams/7229,Bronze 4,5,3,3,6,6,Bronze 2,7,"['Mr Perfecteon', 'jwjohnson17', 'SleepyOstrich', 'Undead Horus', 'Oxzean', 'blackthunder69', 'Carolus Brit']","https://na.op.gg/multi/query=Mr Perfecteon,jwjohnson17,SleepyOstrich,Undead Horus,Oxzean,blackthunder69,Carolus Brit,",https://na.op.gg/multi/query=
Marquette JV II,Midwest 2,/lol/teams/6491,Bronze 2,7,1,4,3,8,Silver 1,12,"['MGE Kuriboh', 'Smorp123', 'Eôghan', 'tacoboy4566', 'HammerBro', 'Siipa', 'Jokáh', 'Retaliated', 'vnksvkev', 'King Mouse', 'orneksmonkeyboy', 'snooks']","https://na.op.gg/multi/query=MGE Kuriboh,Smorp123,Eôghan,tacoboy4566,HammerBro,Siipa,Jokáh,Retaliated,vnksvkev,King Mouse,","https://na.op.gg/multi/query=orneksmonkeyboy,snooks,"
Silver Smurfers,Midwest 2,/lol/teams/7374,Gold 3,14,1,5,2,10,Gold 3,14,['Thunyx'],"https://na.op.gg/multi/query=Thunyx,",https://na.op.gg/multi/query=
Cloud Ten Gaming,Midwest 1,/lol/teams/7386,Bronze 1,8,6,1,12,3,Silver 1,12,"['will win', 'Kimchi Krusader', 'Wompfry', 'Quan Vi', 'Axgold', 'ban me idiot', 'Dagr', 'AlphaBraver']","https://na.op.gg/multi/query=will win,Kimchi Krusader,Wompfry,Quan Vi,Axgold,ban me idiot,Dagr,AlphaBraver,",https://na.op.gg/multi/query=
Sleeper Diamonds,Midwest 1,/lol/teams/6744,Bronze 2,7,5,2,11,7,Silver 1,12,"['Himana', 'TrueRage', 'Rephriam', 'Xander of Astora', 'Calastic', 'Schiecenzoria', 'ImHymel', 'chargingbadgerOP', 'outsidedog']","https://na.op.gg/multi/query=Himana,TrueRage,Rephriam,Xander of Astora,Calastic,Schiecenzoria,ImHymel,chargingbadgerOP,outsidedog,",https://na.op.gg/multi/query=
Oklahoma State Gold,Midwest 1,/lol/teams/6940,Bronze 3,6,5,2,11,4,Silver 4,9,"['Binary Basher', 'Brinticus', 'Killgar', 'OSU Kbaby', 'Playful Sadist', 'Ayuki', 'The Savage Wagon', 'osu alarm']","https://na.op.gg/multi/query=Binary Basher,Brinticus,Killgar,OSU Kbaby,Playful Sadist,Ayuki,The Savage Wagon,osu alarm,",https://na.op.gg/multi/query=
Huskers White,Midwest 1,/lol/teams/7437,Silver 4,9,5,2,11,4,Gold 2,15,"['ImMutingEveryone', 'mooseknight1', 'ImDGod', 'caw', 'vilemaraer', 'ReformedPlasma', 'iBlitzcrank', 'Skimmy Fudge', 'Foolya', 'Magica', 'The Dsrpaygroon']","https://na.op.gg/multi/query=ImMutingEveryone,mooseknight1,ImDGod,caw,vilemaraer,ReformedPlasma,iBlitzcrank,Skimmy Fudge,Foolya,Magica,","https://na.op.gg/multi/query=The Dsrpaygroon,"
Golden Hurricane,Midwest 1,/lol/teams/4605,Bronze 3,6,4,3,9,7,Silver 3,10,"['Steins Gate', 'TU Jace', 'Tobinhunter', 'TU Foxy Grandpa', 'TU Saberhunt', 'Hali Baby', 'TU Ravonick', 'TU Bubble Buddy']","https://na.op.gg/multi/query=Steins Gate,TU Jace,Tobinhunter,TU Foxy Grandpa,TU Saberhunt,Hali Baby,TU Ravonick,TU Bubble Buddy,",https://na.op.gg/multi/query=
UIW eSports Team,Midwest 1,/lol/teams/6427,Iron 4,1,1,5,3,10,Iron 3,2,"['Guns Blazin', 'IZhefoREAL', 'thanklessfool', 'XxNightwingxX', 'sixnightmare', 'CoconutRubbish', 'TokenHandicap', 'capntoadslug', 'thet0urist']","https://na.op.gg/multi/query=Guns Blazin,IZhefoREAL,thanklessfool,XxNightwingxX,sixnightmare,CoconutRubbish,TokenHandicap,capntoadslug,thet0urist,",https://na.op.gg/multi/query=
Islanders Blue Team,Midwest 1,/lol/teams/6475,Iron 2,3,1,6,2,12,Iron 2,3,"['Hachiman24', 'blipzandchits', 'aomptigerboy', 'Musiclily', 'Ethiopian Jesus', 'Abaddon Viteri']","https://na.op.gg/multi/query=Hachiman24,blipzandchits,aomptigerboy,Musiclily,Ethiopian Jesus,Abaddon Viteri,",https://na.op.gg/multi/query=
Panther Gaming A,Midwest 1,/lol/teams/5136,Iron 1,4,0,6,0,12,Silver 3,10,"['OptimumTempus', 'Mr Dorc', 'Leptoxulon', 'kidnippon', 'VysagaX', 'Resty J', 'TheCopperCracker', 'EDLOKO', 'Michillest', 'Desloach', 'deshields', 'Awuckingfukong', 'ManOfTheLine', 'MithosR']","https://na.op.gg/multi/query=OptimumTempus,Mr Dorc,Leptoxulon,kidnippon,VysagaX,Resty J,TheCopperCracker,EDLOKO,Michillest,Desloach,","https://na.op.gg/multi/query=deshields,Awuckingfukong,ManOfTheLine,MithosR,"
LOL UTD I,West 8,/lol/teams/7383,Silver 4,9,5,1,11,4,Silver 2,11,"['will win', 'TrueSerendipity', 'Rodi', 'Thunder master', 'magegagox', 'VoltageRT', 'Heavy Octillery']","https://na.op.gg/multi/query=will win,TrueSerendipity,Rodi,Thunder master,magegagox,VoltageRT,Heavy Octillery,",https://na.op.gg/multi/query=
University of Houston Black,West 8,/lol/teams/6815,Bronze 2,7,4,2,9,5,Silver 1,12,"['jqh135', 'Rioklu', 'Samgee Gamwise', 'Gumbers', 'Thot Wrecker', 'junged', 'Frankeeeflip', 'DownDaBarrel', 'DarkMage461', 'Fawzi', 'Mintiendo']","https://na.op.gg/multi/query=jqh135,Rioklu,Samgee Gamwise,Gumbers,Thot Wrecker,junged,Frankeeeflip,DownDaBarrel,DarkMage461,Fawzi,","https://na.op.gg/multi/query=Mintiendo,"
KB Bullets,West 8,/lol/teams/6414,Iron 2,3,4,2,9,7,Bronze 3,6,"['Zene the Zilla', 'CoffeeSnob', 'AFs Spiritut', 'Sunofhuman', 'mycheww', 'FunkierRumble', 'weist and ankle', 'tjddnr2000', 'joe pepper']","https://na.op.gg/multi/query=Zene the Zilla,CoffeeSnob,AFs Spiritut,Sunofhuman,mycheww,FunkierRumble,weist and ankle,tjddnr2000,joe pepper,",https://na.op.gg/multi/query=
Islander Green Team,West 8,/lol/teams/6938,Bronze 3,6,4,2,9,5,Bronze 1,8,"['Cobalt Bias', 'blipzandchits', 'Vayne Jesus', 'CreatureCats2', 'Ethiopian Jesus', 'Breitling', 'Arbasyn']","https://na.op.gg/multi/query=Cobalt Bias,blipzandchits,Vayne Jesus,CreatureCats2,Ethiopian Jesus,Breitling,Arbasyn,",https://na.op.gg/multi/query=
University of Houston Rocket,West 8,/lol/teams/6816,Bronze 2,7,2,4,5,8,Gold 2,15,"['Albert Li', 'EverZick', 'Árçh', 'EuphTone', 'KingKongKungFu', 'Rioklu', 'UH Astral', 'Cyphirin', 'saith bond', 'DarkSerenade', 'Frankeeeflip', 'KhazixMayJump', 'MultimediaBoy1']","https://na.op.gg/multi/query=Albert Li,EverZick,Árçh,EuphTone,KingKongKungFu,Rioklu,UH Astral,Cyphirin,saith bond,DarkSerenade,","https://na.op.gg/multi/query=Frankeeeflip,KhazixMayJump,MultimediaBoy1,"
SHSU Blue,West 8,/lol/teams/2046,Silver 4,9,1,4,2,8,Gold 4,13,"['Jokuck', 'Zaay', 'AbyssNico', 'Wfm19', 'Shiny Pebble', 'PlueJr', 'El Frank', 'LOV3', 'DemonPenguin16']","https://na.op.gg/multi/query=Jokuck,Zaay,AbyssNico,Wfm19,Shiny Pebble,PlueJr,El Frank,LOV3,DemonPenguin16,",https://na.op.gg/multi/query=
BU Gold,West 8,/lol/teams/6709,Silver 2,11,0,5,2,10,Gold 1,16,"['ImZeroH', 'Sil3ntSquid', 'noodlowagins', 'Flìck', 'Frostyw', 'CheapTilt', 'miaomiao51396', 'Peaches Smoothie']","https://na.op.gg/multi/query=ImZeroH,Sil3ntSquid,noodlowagins,Flìck,Frostyw,CheapTilt,miaomiao51396,Peaches Smoothie,",https://na.op.gg/multi/query=
LOLUTD A,West 7,/lol/teams/7180,Bronze 1,8,6,0,12,1,Silver 2,11,"['will win', 'Grayfang', 'EnjuXD', 'BronziousMaximus', 'Theasianwannabe', 'Rival Jd', 'Kya Kitty', 'Jellieglass']","https://na.op.gg/multi/query=will win,Grayfang,EnjuXD,BronziousMaximus,Theasianwannabe,Rival Jd,Kya Kitty,Jellieglass,",https://na.op.gg/multi/query=
Zenithblade,West 7,/lol/teams/7054,Iron 3,2,5,1,11,4,Iron 1,4,"['Purple Mid Laner', 'Black Fox', 'jabbR', 'Paradoxum', 'PeruvianLove', 'Semper Amicissim', 'Miix', 'Asianafroduck', 'timeregg', 'Feel The Bern']","https://na.op.gg/multi/query=Purple Mid Laner,Black Fox,jabbR,Paradoxum,PeruvianLove,Semper Amicissim,Miix,Asianafroduck,timeregg,Feel The Bern,",https://na.op.gg/multi/query=
Roadrunner Gaming Gold,West 7,/lol/teams/7043,Bronze 1,8,4,2,9,4,Gold 3,14,"['Mespai', 'Virchek', 'Chaoster', 'iluvuhka', 'TheshackledOne', 'Mista Pho King', 'x K o u m o r i', 'Echostyle', 'Sinnlos', 'Hókagè', 'SNACC Ramen Toe', 'Applejellies', 'Vinhilla']","https://na.op.gg/multi/query=Mespai,Virchek,Chaoster,iluvuhka,TheshackledOne,Mista Pho King,x K o u m o r i,Echostyle,Sinnlos,Hókagè,","https://na.op.gg/multi/query=SNACC Ramen Toe,Applejellies,Vinhilla,"
San Jancinto Aurora,West 7,/lol/teams/6621,Iron 1,4,3,3,6,7,Bronze 2,7,"['Athenahh', 'XxTSwiftxX', 'JetNeo', 'Papa Raka', 'Derndo', 'K1LGANNON', 'MrStealYourBase', 'Åndy', 'HBG joker']","https://na.op.gg/multi/query=Athenahh,XxTSwiftxX,JetNeo,Papa Raka,Derndo,K1LGANNON,MrStealYourBase,Åndy,HBG joker,",https://na.op.gg/multi/query=
LOLUTD D,West 7,/lol/teams/7195,Silver 3,10,2,4,5,8,Gold 2,15,"['will win', 'DinkyKong', 'clövër', 'Rip00', 'lordzeref123', 'SomexJames', 'BeastFromDuhEast', 'SurfinIrfin', 'San Holo Dies', 'Butternutthepony']","https://na.op.gg/multi/query=will win,DinkyKong,clövër,Rip00,lordzeref123,SomexJames,BeastFromDuhEast,SurfinIrfin,San Holo Dies,Butternutthepony,",https://na.op.gg/multi/query=
Texas State esports Team C,West 7,/lol/teams/7096,Silver 1,12,1,5,3,10,Gold 2,15,"['Carnley', 'Moist Potatoes', 'RedHeadedWarrior', 'Botman', 'Dr Mad', 'HardlyPerfect', 'MrAtmusfear', 'RecklessChino']","https://na.op.gg/multi/query=Carnley,Moist Potatoes,RedHeadedWarrior,Botman,Dr Mad,HardlyPerfect,MrAtmusfear,RecklessChino,",https://na.op.gg/multi/query=
TAMUK HogSquad,West 7,/lol/teams/3358,Gold 1,16,0,6,0,12,Gold 1,16,['WASHED UP WALLY'],"https://na.op.gg/multi/query=WASHED UP WALLY,",https://na.op.gg/multi/query=
NVe_White LoL,West 6,/lol/teams/5359,Silver 4,9,7,0,14,1,Gold 1,16,"['NVe SohN', 'Darius Bot', 'Vökàrê', 'Smashzer02', 'LusciousNight', 'Chimney Jones', 'Sinsanity101', 'DuskCrow', 'HDestroyer', 'MrDRPepperPorter']","https://na.op.gg/multi/query=NVe SohN,Darius Bot,Vökàrê,Smashzer02,LusciousNight,Chimney Jones,Sinsanity101,DuskCrow,HDestroyer,MrDRPepperPorter,",https://na.op.gg/multi/query=
UNCo Blue,West 6,/lol/teams/3127,Bronze 1,8,5,2,10,4,Gold 3,14,"['theSp1re', 'BasiIGuy', '13337', 'Numbër', 'SH0WST0PPER', 'jazzmaster69', 'iPBJSammich', 'SpaceCowboyUwU', 'Nikolai4141', 'Bosch0']","https://na.op.gg/multi/query=theSp1re,BasiIGuy,13337,Numbër,SH0WST0PPER,jazzmaster69,iPBJSammich,SpaceCowboyUwU,Nikolai4141,Bosch0,",https://na.op.gg/multi/query=
NAU Div Three,West 6,/lol/teams/6772,Gold 4,13,4,2,8,4,Gold 4,13,['cmorge'],"https://na.op.gg/multi/query=cmorge,",https://na.op.gg/multi/query=
ERAU White Wings,West 6,/lol/teams/4004,Platinum 2,19,4,2,8,4,Platinum 2,19,['ERGW Krønos'],"https://na.op.gg/multi/query=ERGW Krønos,",https://na.op.gg/multi/query=
UAT Esports,West 6,/lol/teams/7111,Iron 1,4,3,3,7,6,Bronze 3,6,"['Pixel', 'l Elements l', 'Avidity', 'Dolphina7', 'XxfireXxhoundXx', 'Hypeg', 'Frowosty', 'ggsnack', 'theepic321']","https://na.op.gg/multi/query=Pixel,l Elements l,Avidity,Dolphina7,XxfireXxhoundXx,Hypeg,Frowosty,ggsnack,theepic321,",https://na.op.gg/multi/query=
GCU Academy,West 6,/lol/teams/7600,Silver 4,9,2,4,4,8,Gold 4,13,"['Swagnar', 'tatsuo22', 'xZslayax', 'Yatabo', 'crashoverridee', 'PolyatomicBomb', 'M Didy']","https://na.op.gg/multi/query=Swagnar,tatsuo22,xZslayax,Yatabo,crashoverridee,PolyatomicBomb,M Didy,",https://na.op.gg/multi/query=
UofA Wildcats Division Three,West 6,/lol/teams/7327,Bronze 4,5,1,6,2,12,Bronze 4,5,"['Oneeyeking', 'Donkkz', 'swahele', 'English5partan', 'Smoke Ranarr']","https://na.op.gg/multi/query=Oneeyeking,Donkkz,swahele,English5partan,Smoke Ranarr,",https://na.op.gg/multi/query=
On Tilt,West 6,/lol/teams/7531,Silver 4,9,0,7,0,14,Silver 4,9,['Wades1023'],"https://na.op.gg/multi/query=Wades1023,",https://na.op.gg/multi/query=
Purple Caster Minions Cloud,West 5,/lol/teams/7066,Iron 2,3,6,1,12,4,Bronze 3,6,"['Phume', 'Gummybears622', 'Dreąm', 'Cuddly Commy', '990', 'Schwies', 'xNovaRisingx', 'mcsquaree', 'Bobb Rosss', 'ITalalz']","https://na.op.gg/multi/query=Phume,Gummybears622,Dreąm,Cuddly Commy,990,Schwies,xNovaRisingx,mcsquaree,Bobb Rosss,ITalalz,",https://na.op.gg/multi/query=
SC Esports Old C Team,West 5,/lol/teams/4996,Bronze 1,8,5,2,11,5,Gold 3,14,"['Zephyraphim', 'Impmaster2', 'keithkozart', 'kazdingle', 'bbuzz771', 'BaconOnWheels', 'Luwucian', 'TheNextFaker', 'blehblob2', 'Parkj360', 'LazeHazeDaze', 'Sęnd Noods', 'asianshenanigans']","https://na.op.gg/multi/query=Zephyraphim,Impmaster2,keithkozart,kazdingle,bbuzz771,BaconOnWheels,Luwucian,TheNextFaker,blehblob2,Parkj360,","https://na.op.gg/multi/query=LazeHazeDaze,Sęnd Noods,asianshenanigans,"
WVOTR AA,West 5,/lol/teams/5219,Iron 3,2,5,2,10,5,Iron 1,4,"['RISE Isomorphism', 'WWU Boss', 'Yo Yo the Yolo', 'Big Papa Smok', 'Ellios', 'kingslàyer', 'APINYA', 'ShadowyVixen', 'UltInstinctGoku']","https://na.op.gg/multi/query=RISE Isomorphism,WWU Boss,Yo Yo the Yolo,Big Papa Smok,Ellios,kingslàyer,APINYA,ShadowyVixen,UltInstinctGoku,",https://na.op.gg/multi/query=
Hardrockers Team C,West 5,/lol/teams/4647,Bronze 3,6,4,3,10,6,Silver 1,12,"['Soxboy3', 'Strive2Die', 'Nevery Every', 'Pows', 'Lepho', 'PR1NCE PUPPY', 'Pløx', 'EvilGumbo27', 'Opalas', 'Culby']","https://na.op.gg/multi/query=Soxboy3,Strive2Die,Nevery Every,Pows,Lepho,PR1NCE PUPPY,Pløx,EvilGumbo27,Opalas,Culby,",https://na.op.gg/multi/query=
Bronze V Regals,West 5,/lol/teams/6211,Gold 4,13,3,4,6,8,Gold 4,13,"['Kend0', 'Its Baroo', 'McYYY', 'TheMask808']","https://na.op.gg/multi/query=Kend0,Its Baroo,McYYY,TheMask808,",https://na.op.gg/multi/query=
Shark Team B,West 5,/lol/teams/4974,Silver 4,9,2,4,6,9,Silver 3,10,"['Skiifter', 'evel10f', 'Pure Jade', 'Double P', 'MagnetsHDTW', 'ginryu347']","https://na.op.gg/multi/query=Skiifter,evel10f,Pure Jade,Double P,MagnetsHDTW,ginryu347,",https://na.op.gg/multi/query=
UT eSports B Team,West 5,/lol/teams/7475,Bronze 3,6,2,5,4,11,Bronze 1,8,"['MasterTurtle88', 'ThunderWolf12', 'AaronNautiix', 'csof', 'stef101', 'krayt101']","https://na.op.gg/multi/query=MasterTurtle88,ThunderWolf12,AaronNautiix,csof,stef101,krayt101,",https://na.op.gg/multi/query=
Bronco Esports Rice Paper,West 5,/lol/teams/6330,Bronze 4,5,0,6,2,13,Bronze 4,5,"['hypermonkieboi', 'PolyLens', 'skatepoiser', 'J0NX2', 'CapBarbosa', 'PineappleFear', 'Dumbledore Mid', 'Chaotic978', 'battleship2424', 'Mêrit']","https://na.op.gg/multi/query=hypermonkieboi,PolyLens,skatepoiser,J0NX2,CapBarbosa,PineappleFear,Dumbledore Mid,Chaotic978,battleship2424,Mêrit,",https://na.op.gg/multi/query=
Davis Aggie White,West 4,/lol/teams/3301,Silver 4,9,7,0,14,2,Gold 4,13,"['The Infamous JMB', 'CHKN WINGWONG', 'Ehspur', 'UCD Open Mid', 'Hamori', 'LapisDacix', 'ZØØMIES']","https://na.op.gg/multi/query=The Infamous JMB,CHKN WINGWONG,Ehspur,UCD Open Mid,Hamori,LapisDacix,ZØØMIES,",https://na.op.gg/multi/query=
CSULB JV Two,West 4,/lol/teams/7042,Silver 4,9,5,1,11,4,Gold 1,16,"['Fairlyjosh', 'DeadlyNinja', 'TangoDown1337', 'May Yuki', 'Lvl98 Shuckle', 'Ruh Ro', 'Guyofmetal', 'H U N G O', 'IShadowFaxI', 'Synkit', 'lordblasterjoker', 'Resonator', 'Ashleyismash']","https://na.op.gg/multi/query=Fairlyjosh,DeadlyNinja,TangoDown1337,May Yuki,Lvl98 Shuckle,Ruh Ro,Guyofmetal,H U N G O,IShadowFaxI,Synkit,","https://na.op.gg/multi/query=lordblasterjoker,Resonator,Ashleyismash,"
Cal Poly Gold,West 4,/lol/teams/6210,Silver 3,10,5,2,11,4,Platinum 2,19,"['Arceus411', 'Zeagle', 'TheRhyn0', 'Anmec', 'WarDoid', 'Fuzzyhamster', 'Kikio Lokio', 'DLD27', 'C9 STEPH', 'Mrmooraf', 'Carzard', 'OhhhFataL', 'BudgieKraz', 'Lone Laner', 'creeperkiller727']","https://na.op.gg/multi/query=Arceus411,Zeagle,TheRhyn0,Anmec,WarDoid,Fuzzyhamster,Kikio Lokio,DLD27,C9 STEPH,Mrmooraf,","https://na.op.gg/multi/query=Carzard,OhhhFataL,BudgieKraz,Lone Laner,creeperkiller727,"
Joker's Wild,West 4,/lol/teams/6569,Bronze 4,5,3,4,8,8,Silver 4,9,"['hypermonkieboi', 'skatepoiser', 'ErinJaeger', 'J0NX2', 'SteelCoyote', 'REZq', 'Buttslayer77', 'CapBarbosa', 'Swimmingiy', 'NightAngelo', 'Dumbledore Mid']","https://na.op.gg/multi/query=hypermonkieboi,skatepoiser,ErinJaeger,J0NX2,SteelCoyote,REZq,Buttslayer77,CapBarbosa,Swimmingiy,NightAngelo,","https://na.op.gg/multi/query=Dumbledore Mid,"
Slug eSports Red,West 4,/lol/teams/7094,Bronze 3,6,3,3,7,7,Silver 1,12,"['SushiHat74', 'Edywang', 'piwhallusk', 'Canpake27', 'Magickirill', 'The Dark Guy 13', 'iluvncis', 'Edgywang', 'Ryuyah', 'furydragon551', 'defective robot']","https://na.op.gg/multi/query=SushiHat74,Edywang,piwhallusk,Canpake27,Magickirill,The Dark Guy 13,iluvncis,Edgywang,Ryuyah,furydragon551,","https://na.op.gg/multi/query=defective robot,"
Infinite Horizon,West 4,/lol/teams/7328,Iron 3,2,2,5,4,10,Iron 2,3,"['IhaveGodandAnime', 'thecolorgray', 'CaptnKuhNuckles', 'dilladubstep16', 'LoyalForever', 'Kyoushiiro', 'tittytyson']","https://na.op.gg/multi/query=IhaveGodandAnime,thecolorgray,CaptnKuhNuckles,dilladubstep16,LoyalForever,Kyoushiiro,tittytyson,",https://na.op.gg/multi/query=
CRC Red,West 4,/lol/teams/6852,Bronze 4,5,1,6,2,12,Bronze 2,7,"['Narwhallace', 'Mathmatical', 'cocoawarrior53', 'Sairoco', 'Ôuroboros', 'Day of Rakaning', 'Kaiba Boy', 'Gremello']","https://na.op.gg/multi/query=Narwhallace,Mathmatical,cocoawarrior53,Sairoco,Ôuroboros,Day of Rakaning,Kaiba Boy,Gremello,",https://na.op.gg/multi/query=
CLU A Team,West 4,/lol/teams/6842,Unranked,0,1,6,2,12,Unranked,0,"['Kend0', 'TerminalOwies', 'MontalvoJames', 'drdrewslayz', 'solar Solstice', 'Saint_Panders1', 'TUGAgandapatrao']","https://na.op.gg/multi/query=Kend0,TerminalOwies,MontalvoJames,drdrewslayz,solar Solstice,Saint_Panders1,TUGAgandapatrao,",https://na.op.gg/multi/query=
Navy Slugs,West 3,/lol/teams/5392,Iron 2,3,6,1,12,5,Iron 2,3,"['Byrden', 'Aethryen', 'Hentai69', 'Suavemente', 'Tsukiko Uchiha', 'VieraA']","https://na.op.gg/multi/query=Byrden,Aethryen,Hentai69,Suavemente,Tsukiko Uchiha,VieraA,",https://na.op.gg/multi/query=
UCB B,West 3,/lol/teams/7407,Bronze 4,5,5,1,11,3,Bronze 1,8,"['Roflcopter', 'TheGoodSamaritan', 'TrumproxD', 'Doctor Sus', 'ThSilentAnnalist', 'Lyrical Latin', 'NRG Baguette', 'Kawaii Unchi', 'Senpaibowie', 'Marx Lenin']","https://na.op.gg/multi/query=Roflcopter,TheGoodSamaritan,TrumproxD,Doctor Sus,ThSilentAnnalist,Lyrical Latin,NRG Baguette,Kawaii Unchi,Senpaibowie,Marx Lenin,",https://na.op.gg/multi/query=
UCB A,West 3,/lol/teams/7406,Bronze 1,8,5,2,11,6,Gold 4,13,"['Roflcopter', 'Haxfalcon', 'Akoduj', 'Endxny', 'SpellCasterSeth', 'lets BBBBB', 'NRG Baguette', 'too spicy', 'Valanthos']","https://na.op.gg/multi/query=Roflcopter,Haxfalcon,Akoduj,Endxny,SpellCasterSeth,lets BBBBB,NRG Baguette,too spicy,Valanthos,",https://na.op.gg/multi/query=
CSUMB Gravity,West 3,/lol/teams/4986,Iron 3,2,4,3,9,6,Iron 2,3,"['Graciello', 'Jansuko', '00squirtle', 'Baspatch', 'DatTallAzn', 'Moogle', 'Lazy Filipino', 'swede2000']","https://na.op.gg/multi/query=Graciello,Jansuko,00squirtle,Baspatch,DatTallAzn,Moogle,Lazy Filipino,swede2000,",https://na.op.gg/multi/query=
Bronco Esports Team Benton,West 3,/lol/teams/6331,Gold 1,16,2,3,7,7,Platinum 1,20,"['hypermonkieboi', 'SeaJung', 'i carry egirIs', 'SemiColonDee', 'Trinhity Force', 'tempest124', 'SnowyMinion', 'Maho Hiyajo', 'Macbook Gamer', 'x t', 'PauIie']","https://na.op.gg/multi/query=hypermonkieboi,SeaJung,i carry egirIs,SemiColonDee,Trinhity Force,tempest124,SnowyMinion,Maho Hiyajo,Macbook Gamer,x t,","https://na.op.gg/multi/query=PauIie,"
Chapweebs,West 3,/lol/teams/7431,Iron 1,4,2,4,5,8,Bronze 1,8,"['EschwR', 'Sukit114', 'PainOG', 'Colrun99', 'MonnnnMonnn', 'relder120', 'Lleeilleei', 'wertyferrer99', 'lullyloo', 'kyling', 'UmeE']","https://na.op.gg/multi/query=EschwR,Sukit114,PainOG,Colrun99,MonnnnMonnn,relder120,Lleeilleei,wertyferrer99,lullyloo,kyling,","https://na.op.gg/multi/query=UmeE,"
Remove,West 3,/lol/teams/7122,Diamond 1,24,2,5,4,10,Diamond 1,24,['BTang'],"https://na.op.gg/multi/query=BTang,",https://na.op.gg/multi/query=
UCSC Yellow,West 3,/lol/teams/7477,Iron 1,4,0,7,0,14,Bronze 3,6,"['Walllyyy', 'OR4N', 'Za Puro', 'Capititi', 'yvonnegone', 'Piebaconcookie', 'Worst Riven OCE']","https://na.op.gg/multi/query=Walllyyy,OR4N,Za Puro,Capititi,yvonnegone,Piebaconcookie,Worst Riven OCE,",https://na.op.gg/multi/query=
UC Merced Junior Varsity Two,West 2,/lol/teams/7706,Silver 3,10,7,0,14,2,Gold 4,13,"['ßlake', 'mochimochii', 'gusbus123', 'NoLifeTempest', 'Al Dusty', 'Millburgo', 'SilverWolf88', 'GymnopedieTP']","https://na.op.gg/multi/query=ßlake,mochimochii,gusbus123,NoLifeTempest,Al Dusty,Millburgo,SilverWolf88,GymnopedieTP,",https://na.op.gg/multi/query=
UCR TEAM WASHED UP,West 2,/lol/teams/7677,Bronze 3,6,6,1,12,2,Bronze 2,7,"['QuantumPacific', 'Shybe', 'SpookyBloopy', 'TiffSniff', 'Thistleclaw', 'Puttz is Homo', '22A Chair Oki']","https://na.op.gg/multi/query=QuantumPacific,Shybe,SpookyBloopy,TiffSniff,Thistleclaw,Puttz is Homo,22A Chair Oki,",https://na.op.gg/multi/query=
SFU Academy Blue,West 2,/lol/teams/6950,Silver 2,11,5,2,11,4,Gold 4,13,"['Incoming Nerf', 'Lullencia', 'ßread', 'Instalocker', 'Xeryn', 'littlebear8889', 'Gummiworm', 'Voltius']","https://na.op.gg/multi/query=Incoming Nerf,Lullencia,ßread,Instalocker,Xeryn,littlebear8889,Gummiworm,Voltius,",https://na.op.gg/multi/query=
Q and A,West 2,/lol/teams/7550,Bronze 4,5,3,4,7,9,Bronze 2,7,"['AnFun', 'SqueezeTrees', 'rakan licker', 'CNoFlaw', 'Patenos Daddy', 'Xarak', 'magagod2']","https://na.op.gg/multi/query=AnFun,SqueezeTrees,rakan licker,CNoFlaw,Patenos Daddy,Xarak,magagod2,",https://na.op.gg/multi/query=
UCR Team XD,West 2,/lol/teams/7674,Bronze 4,5,3,4,6,8,Silver 3,10,"['JOHN CENA', 'ping me i int', 'Shybe', 'Cboy237', 'chickncup', 'wynntastic', 'Slayer4462', 'xPride StaIker', 'Twigy1', 'kacalakaX', 'Dirt La Fille']","https://na.op.gg/multi/query=JOHN CENA,ping me i int,Shybe,Cboy237,chickncup,wynntastic,Slayer4462,xPride StaIker,Twigy1,kacalakaX,","https://na.op.gg/multi/query=Dirt La Fille,"
Innovation,West 2,/lol/teams/7170,Bronze 3,6,2,5,4,10,Silver 4,9,"['snipegod', 'cookiesamanda', 'The Bengali Babu', 'PWNYOURFACE', 'Aeronui', 'Xayahrí', 'spartabird', 'cotg99', 'Low Fat Nut', 'Artemis755']","https://na.op.gg/multi/query=snipegod,cookiesamanda,The Bengali Babu,PWNYOURFACE,Aeronui,Xayahrí,spartabird,cotg99,Low Fat Nut,Artemis755,",https://na.op.gg/multi/query=
Ariolimax,West 2,/lol/teams/7549,Bronze 2,7,1,6,3,12,Silver 2,11,"['C8 Cereal', 'lil puma', 'SilentEpsilon', 'SUPA POOPA', 'Unsustainable', 'Aerosteon13', 'Dachandex', 'Ohbanana37']","https://na.op.gg/multi/query=C8 Cereal,lil puma,SilentEpsilon,SUPA POOPA,Unsustainable,Aerosteon13,Dachandex,Ohbanana37,",https://na.op.gg/multi/query=
UBCOgopogo,West 2,/lol/teams/7625,Bronze 3,6,1,6,2,12,Silver 4,9,"['Quari', 'EpicSaxGandalf', 'BlackKaito', 'CyanShrooms', 'NullMega', 'shadowcat212', 'polarîs']","https://na.op.gg/multi/query=Quari,EpicSaxGandalf,BlackKaito,CyanShrooms,NullMega,shadowcat212,polarîs,",https://na.op.gg/multi/query=
Sandbagging Esports,West 1,/lol/teams/4266,Bronze 4,5,6,0,12,1,Bronze 4,5,"['Yuen Trouble', 'Kino Messiah', 'lightsoutt', 'Dakron22', 'Momobami Kirari']","https://na.op.gg/multi/query=Yuen Trouble,Kino Messiah,lightsoutt,Dakron22,Momobami Kirari,",https://na.op.gg/multi/query=
SFU Academy Red,West 1,/lol/teams/5403,Gold 3,14,4,2,9,4,Gold 1,16,"['Derian', 'Incoming Nerf', 'JK Slapgames', 'Lullencia', 'Yato', 'Hong Shi', 'Preach gospel', 'Armeswar', 'Mârk', 'CrimsomKnight']","https://na.op.gg/multi/query=Derian,Incoming Nerf,JK Slapgames,Lullencia,Yato,Hong Shi,Preach gospel,Armeswar,Mârk,CrimsomKnight,",https://na.op.gg/multi/query=
Uvic Vikings,West 1,/lol/teams/5520,Gold 4,13,4,2,8,5,Gold 4,13,"['loli teemo', 'SamwiseTheGamgee', 'Linzek', 'Loli Kaze', 'TheMightyMeercat']","https://na.op.gg/multi/query=loli teemo,SamwiseTheGamgee,Linzek,Loli Kaze,TheMightyMeercat,",https://na.op.gg/multi/query=
JUNIOR VARSITY TWO A,West 1,/lol/teams/7168,Iron 3,2,3,3,7,6,Iron 2,3,"['cookiesamanda', 'Mango x Tea', 'schoollover12', 'UBC Engineer', 'ªye', 'BilboSweggins69', 'penguinbeats', 'PersianBoss']","https://na.op.gg/multi/query=cookiesamanda,Mango x Tea,schoollover12,UBC Engineer,ªye,BilboSweggins69,penguinbeats,PersianBoss,",https://na.op.gg/multi/query=
SFU Academy White,West 1,/lol/teams/6951,Silver 1,12,3,3,6,7,Gold 1,16,"['Incoming Nerf', 'TempusER 1998', 'PacificProdigy', 'Lullencia', 'Cankatsa', 'lvl 3 pleb', 'ƒangs']","https://na.op.gg/multi/query=Incoming Nerf,TempusER 1998,PacificProdigy,Lullencia,Cankatsa,lvl 3 pleb,ƒangs,",https://na.op.gg/multi/query=
JUNIOR VARSITY TWO B,West 1,/lol/teams/7169,Silver 4,9,0,5,1,10,Gold 3,14,"['lydy', 'cookiesamanda', 'Xayahrí', 'Sugarmint', 'Dai9', 'HimalayanSeaSalt', 'MP5Tactical', 'Dont Eat Me QAQ']","https://na.op.gg/multi/query=lydy,cookiesamanda,Xayahrí,Sugarmint,Dai9,HimalayanSeaSalt,MP5Tactical,Dont Eat Me QAQ,",https://na.op.gg/multi/query=
UVIC Vikes Also,West 1,/lol/teams/6784,Bronze 2,7,0,5,0,10,Silver 1,12,"['loli teemo', 'SamwiseTheGamgee', 'Altoquest', 'Lïebe', 'Beastyboy', 'Voiet', 'wooj', 'Joeymagicman', 'nodle24']","https://na.op.gg/multi/query=loli teemo,SamwiseTheGamgee,Altoquest,Lïebe,Beastyboy,Voiet,wooj,Joeymagicman,nodle24,",https://na.op.gg/multi/query=
