Team Name,Region,CSL Link,Series Record,Series Wins,Series Losses,Game Record,Game Wins,Game Losses,Average Rank,Average Rank Number,First OP.GG,Second OP.GG
UHM Green,South-west | 4,https://cstarleague.com/lol/teams/10567,6 - 0,6,0,12 - 1,12,1,Platinum 2,19.0,"https://na.op.gg/multi/query=Jhineral,Ryzae,Top the Dog,edgy eboy,Vöcàrê,tofu tofu,Nae hero,yukimochi,RickyDubs,",
UA Ironcats - Open ,South-west | 4,https://cstarleague.com/lol/teams/10019,5 - 1,5,1,11 - 2,11,2,Gold 1,16.0,"https://na.op.gg/multi/query=Laelaps,SOLOKOH,Clive7,The Skÿ,OfStealth,Łuke,artip71,BiggestDiqBandit,faime,MegaEpicGamer,",
GCU Lopes JV ,South-west | 4,https://cstarleague.com/lol/teams/9792,5 - 0,5,0,10 - 1,10,1,Platinum 2,19.0,"https://na.op.gg/multi/query=Swagnar,skeletor321,SwitchNitch,TheRadDrew,Suffer More,Ghetti,",
The Legends of UVUJV,South-west | 4,https://cstarleague.com/lol/teams/10384,4 - 3,4,3,10 - 6,10,6,Gold 1,16.0,"https://na.op.gg/multi/query=Slippedgiant755,Dylax,Mormon Ludicolo,SKT T1 WooSeok,NK Medraut,JIMIN KO,",
Claw JV Team,South-west | 4,https://cstarleague.com/lol/teams/10965,4 - 3,4,3,9 - 6,9,6,Gold 1,16.0,"https://na.op.gg/multi/query=Filo Shepherd,GlacialReaper,crazipeng15,TenaciousTahm,PHD In Yasuo,WorldsBestPlayer,I DR PEPPER U,",
Arizona State C ,South-west | 4,https://cstarleague.com/lol/teams/11231,4 - 2,4,2,8 - 5,8,5,Diamond 3,22.0,"https://na.op.gg/multi/query=Amphy,mikemilo135,Whosdisguy,yomihime,Call Me Dunk,Thetruejungler,Red XP,Nisanov,HIYAAAAAAAAAAAAA,",
NAU Division Two Fall,South-west | 4,https://cstarleague.com/lol/teams/9245,3 - 1,3,1,6 - 3,6,3,Silver 1,12.0,"https://na.op.gg/multi/query=TRAKKPAD,TheToxic35,ToxiclyLoud,Tossed,curseblood,GORZOGTHEDEFILER,HighBionic,PartyLord906,",
ERAU Blue Wings,South-west | 4,https://cstarleague.com/lol/teams/4003,2 - 4,2,4,5 - 8,5,8,Gold 3,14.0,"https://na.op.gg/multi/query=Oreo 129,Ace75b,KatsumiKoniko,Expand Sand,ERGW Krønos,chowderzeclam,jinxmyloveQAQ,Ghost Barrels,Nickodemeus,Isekavo,",
USU JV,South-west | 4,https://cstarleague.com/lol/teams/10261,2 - 3,2,3,4 - 7,4,7,Gold 1,16.0,"https://na.op.gg/multi/query=King Babe T,Cododraco,TheEliteMadLife,Sol1tud3,Cubstep Cantstop,SavageBeast0519,",
Lopes Academy,South-west | 4,https://cstarleague.com/lol/teams/9793,2 - 4,2,4,4 - 9,4,9,Gold 1,16.0,"https://na.op.gg/multi/query=crashoverridee,Hoidini,OVERL0RD,ReasonToDream,sigh im gosu,Steel Draconian,Seraphim117,",
CGC LOL JUNIOR VARSITY,South-west | 4,https://cstarleague.com/lol/teams/9479,1 - 6,1,6,3 - 12,3,12,Gold 4,13.0,"https://na.op.gg/multi/query=SupaBeans,ROBOTUNIC0RN,THICC MONEY,Z0L,retnuh hunter,KoreanRiceField,",
ERAU White Wings,South-west | 4,https://cstarleague.com/lol/teams/4004,0 - 11,0,11,0 - 22,0,22,Platinum 2,19.0,"https://na.op.gg/multi/query=ERGW Krønos,",
USC Varsity Gold Team,South-west | 3,https://cstarleague.com/lol/teams/9224,5 - 1,5,1,10 - 3,10,3,Platinum 4,17.0,"https://na.op.gg/multi/query=Eilfennol,USC Ceus,Commack,Usc Coil,JoeJacko,Leade,USC Bao,Tiltproof Gandhi,USC Hovz,AlinaLife,",
Students Need Parking,South-west | 3,https://cstarleague.com/lol/teams/6323,5 - 1,5,1,10 - 3,10,3,Platinum 3,18.0,"https://na.op.gg/multi/query=Cyprez,hypermonkieboi,C9TaiIs,Cienega,TacosAndBurritoz,Trinhity Force,DULLAHAN,Phant,Oddity,SonglessRaven,","https://na.op.gg/multi/query=TheDevilIsBored,"
SDSU Junior Varsity B,South-west | 3,https://cstarleague.com/lol/teams/10864,5 - 0,5,0,10 - 1,10,1,Platinum 4,17.0,"https://na.op.gg/multi/query=MadLifeisgod,Conserved,Mithos the Hero,nekozi,PsycheGlitch,Jacksony,Lady Yunalesca,Spiripru,Iron man d1ed,",
UCR WEEBFY,South-west | 3,https://cstarleague.com/lol/teams/10375,4 - 1,4,1,8 - 3,8,3,Gold 1,16.0,"https://na.op.gg/multi/query=Shybe,DemonicxPancakes,Anxiety Syndrome,Gudao,penguinlord,sevarbiter,idk250,SlyLego,Whenever,BubbIicious,",
UCD Aggie Open,South-west | 3,https://cstarleague.com/lol/teams/9700,4 - 1,4,1,8 - 2,8,2,Platinum 3,18.0,"https://na.op.gg/multi/query=The Infamous JMB,Nattieon,Nyew,CHKN WINGWONG,UCD Open Mid,Hamori,ZØØMIES,TortugaDeLechuga,",
UCR PARADOX,South-west | 3,https://cstarleague.com/lol/teams/10554,2 - 3,2,3,7 - 6,7,6,Platinum 2,19.0,"https://na.op.gg/multi/query=Shybe,Alceous,AlienMV,Sad Sloth,Głace,im in love,Rolandwu,Destined Rice,180cm,",
UCSC DT,South-west | 3,https://cstarleague.com/lol/teams/10639,2 - 3,2,3,5 - 7,5,7,Platinum 4,17.0,"https://na.op.gg/multi/query=Eureka Thurston,WEG PandaTV10086,fäded flower,Da Boosted,GeGe,DT Fa1nT,",
UCSC Teal,South-west | 3,https://cstarleague.com/lol/teams/11281,2 - 3,2,3,4 - 7,4,7,Platinum 2,19.0,"https://na.op.gg/multi/query=GGitsRyan,screamingspirt,OryxTheMadHatter,the shy turtle,Lord Herpaderp,",
TFT Players,South-west | 3,https://cstarleague.com/lol/teams/11488,2 - 3,2,3,4 - 7,4,7,Platinum 3,18.0,"https://na.op.gg/multi/query=erikli2000,N0THINGPERSONAL,Strauby,Heuster,zhong lu dui ju,ReformdSKT Faker,",
Gone Rogue,South-west | 3,https://cstarleague.com/lol/teams/9527,1 - 3,1,3,5 - 7,5,7,Platinum 4,17.0,"https://na.op.gg/multi/query=King Charlz,Buns Boy,J T,whothebest,ZacharyTheBeast,Arcitech,SalX55,The Grynch,",
USF Dons Esports LOL B,South-west | 3,https://cstarleague.com/lol/teams/10155,1 - 5,1,5,3 - 10,3,10,Gold 1,16.0,"https://na.op.gg/multi/query=SpiritTracks,CuyValDar,QAQ761315758,KaGa21,TSM Akneehow,Jordan Loh,Chance Oppa,rohanjarun,get prio pls,MichaelLuca,","https://na.op.gg/multi/query=Rice or noodles,"
UCSC Team South Wind,South-west | 3,https://cstarleague.com/lol/teams/11255,1 - 4,1,4,2 - 8,2,8,Platinum 3,18.0,"https://na.op.gg/multi/query=greenbird0424,",
Stanford University - Open,South-west | 3,https://cstarleague.com/lol/teams/10730,0 - 6,0,6,0 - 12,0,12,Gold 1,16.0,"https://na.op.gg/multi/query=Fidix,Sir Llama III,Rubikness9,sottomizer,ArtyTheKid,TTvTheMircat,",
CSULB JV ONE,South-west | 2,https://cstarleague.com/lol/teams/7106,6 - 0,6,0,12 - 1,12,1,Platinum 3,18.0,"https://na.op.gg/multi/query=BounceBackSlayer,DeadlyNinja,Miss Son Naeun,Cheet0h,BazookaBubblegum,JDCRamos,ItsTheSentinel,Roxn,Lvl98 Shuckle,LeSweetestSenpai,","https://na.op.gg/multi/query=Køßae,muffules,Shr3kLovezMe,Yaongi,"
CAL POLAR BEARS,South-west | 2,https://cstarleague.com/lol/teams/10088,5 - 0,5,0,11 - 1,11,1,Platinum 3,18.0,"https://na.op.gg/multi/query=Issys Cutie,Flyer,G4rb4d,Jiggereepuff,Shibaid Etraku,Millennium Fox,mano254,Ninjaman369,",
DHG,South-west | 2,https://cstarleague.com/lol/teams/10746,5 - 0,5,0,10 - 1,10,1,Platinum 2,19.0,"https://na.op.gg/multi/query=woshiyitiaogou,11 3 2018 iG,Sell son for rp,FPX 11 10 2019,MysteryBox,",
SDSU Junior Varsity A,South-west | 2,https://cstarleague.com/lol/teams/10861,4 - 2,4,2,9 - 4,9,4,Platinum 3,18.0,"https://na.op.gg/multi/query=ObsessedTaylor,Big Brain Play,SunshinePoison,MadLifeisgod,Vaz Deferenz,Aspen,bööo,sdavidspark53,Raymex,PeterxLee,","https://na.op.gg/multi/query=Peaçekeeper,xLeBeastx,"
CAL Teddy Bears,South-west | 2,https://cstarleague.com/lol/teams/10086,4 - 1,4,1,9 - 3,9,3,Platinum 4,17.0,"https://na.op.gg/multi/query=SourSnake,Dknuckles,Play Me,Miletus686,elfity,homebrewds,HeartUnderBolt,",
San Jose State Blue,South-west | 2,https://cstarleague.com/lol/teams/6505,3 - 3,3,3,8 - 6,8,6,Platinum 1,20.0,"https://na.op.gg/multi/query=Mikebear,Døge,Splushy,Seft,im jailbait,Syghar,Xemozu,BorderDragon,",
San Jose State Sween,South-west | 2,https://cstarleague.com/lol/teams/9904,2 - 2,2,2,4 - 4,4,4,Gold 3,14.0,"https://na.op.gg/multi/query=Splushy,alexandhotshot,Alexisss,Morch,LilKindGuy,Dreadpicaroon,Chhanubhai,Ajay,MrButtslap,",
Golden Eagles LoL JV,South-west | 2,https://cstarleague.com/lol/teams/10222,1 - 3,1,3,2 - 6,2,6,Gold 1,16.0,"https://na.op.gg/multi/query=FeedMeSleep,Sladey,Dexterity9,ZeroSkullee,Stevelodon,TBNRBornProdigy,SpicyChickenisMe,",
Cogswell Dragons real,South-west | 2,https://cstarleague.com/lol/teams/9636,1 - 4,1,4,2 - 8,2,8,Gold 1,16.0,"https://na.op.gg/multi/query=Kirazono,GuardianWingz,Privateazn,Xithricite,yaboiiclancy,Purpleporo101,",
SC Esports Open LoL Team,South-west | 2,https://cstarleague.com/lol/teams/11330,0 - 3,0,3,0 - 7,0,7,Gold 3,14.0,"https://na.op.gg/multi/query=Zephyraphim,Sheepsftw,lynne,Døublelift,Spying,Daronos,",
Never Stop Dreaming,South-west | 2,https://cstarleague.com/lol/teams/11365,0 - 5,0,5,0 - 10,0,10,Gold 1,16.0,"https://na.op.gg/multi/query=LoyalForever,Yzmvp,KevinCarter,Killasponge,juke7,daBOOM23,May be a noob,MMMMMMin,",
jayveetwo,South-west | 2,https://cstarleague.com/lol/teams/11410,0 - 4,0,4,0 - 8,0,8,Gold 4,13.0,"https://na.op.gg/multi/query=AnFun,ITS MANCHILD,NaCl Is Salty,PhantomQuest,Kline,",
CSUSM B Team,South-west | 2,https://cstarleague.com/lol/teams/11542,0 - 4,0,4,0 - 8,0,8,Gold 4,13.0,"https://na.op.gg/multi/query=CNG DangoFam,Kisenosato,MajinBlob,Polorpenguin,Räikkönen,ILoveFortnite69,hunRJ,",
San Jose State Yoshi,South-west | 1,https://cstarleague.com/lol/teams/6507,6 - 0,6,0,12 - 0,12,0,Gold 1,16.0,"https://na.op.gg/multi/query=NickMoop,Monsieur Ando,Firemelon,Holt,Splushy,BeatYourAmeat,Honey Roasted P,",
Bronco Esports Team Benton,South-west | 1,https://cstarleague.com/lol/teams/6331,5 - 1,5,1,10 - 3,10,3,Platinum 4,17.0,"https://na.op.gg/multi/query=hypermonkieboi,SeaJung,my supp is bad,SemiColonDee,Trinhity Force,tempest124,Maho Hıyajo,Macbook Gamer,x t,PauIie,",
ResNet Wifi,South-west | 1,https://cstarleague.com/lol/teams/10748,4 - 2,4,2,8 - 6,8,6,Platinum 4,17.0,"https://na.op.gg/multi/query=Bean Sprout Hero,Aerosteon13,Angelwings246,Pontes,CondensedCarbon,wo 524,EnceIadus,",
CAL Care Bears,South-west | 1,https://cstarleague.com/lol/teams/10303,4 - 2,4,2,8 - 5,8,5,Platinum 2,19.0,"https://na.op.gg/multi/query=Benadryl Boy,MOQW,Alehero,Roxhat,SWORDDER,eggy egg,CrimsonDeluge,KABOOM2002,",
San Jose State Yellow,South-west | 1,https://cstarleague.com/lol/teams/9279,3 - 2,3,2,7 - 4,7,4,Platinum 2,19.0,"https://na.op.gg/multi/query=Misaka ø Jinx,Eff3ct,Brendanger,Iron Mann,Splushy,SexiestJellyNA,Zarenian,",
CAL Panda Bears,South-west | 1,https://cstarleague.com/lol/teams/10266,3 - 0,3,0,7 - 0,7,0,Diamond 4,21.0,"https://na.op.gg/multi/query=Admiral Zhào,Cabacca,Bbreezzy,Miyayeah,JsKingBoo,Geewhan is noob,Xenoderf,PoggestChampion,",
Chapman Open League,South-west | 1,https://cstarleague.com/lol/teams/9514,2 - 2,2,2,5 - 5,5,5,Gold 2,15.0,"https://na.op.gg/multi/query=Reimu x Marisa,Sukit114,DecoyRage,Mr Darnzel,Keonity,pro player,Sprendel,mtgriffin1,PunnyCakes,",
BOOMERS,South-west | 1,https://cstarleague.com/lol/teams/10520,2 - 3,2,3,5 - 6,5,6,Platinum 4,17.0,"https://na.op.gg/multi/query=goingham66,Shybe,0 icy 0,Azimoth,CrispyWafers,JackingHard,Ruey,SoloJG,",
Bronco Esports Team Three,South-west | 1,https://cstarleague.com/lol/teams/6324,2 - 3,2,3,4 - 6,4,6,Gold 1,16.0,"https://na.op.gg/multi/query=hypermonkieboi,skatepoiser,Mikkyx,C9TaiIs,Fluffycake9,TMakk,Fonik,muchorojo,Aamon,Synęrgy,","https://na.op.gg/multi/query=Chat Spam AYAYA,"
Cogswell Dragons B-Team,South-west | 1,https://cstarleague.com/lol/teams/11053,1 - 5,1,5,2 - 10,2,10,Gold 3,14.0,"https://na.op.gg/multi/query=Wumbologist PhD,zzeronix,hollypolly,Misakamika,yaboiiclancy,ICY BOI,Samot50,Kagamina,Purpleporo101,",
Cal Poly Gold,South-west | 1,https://cstarleague.com/lol/teams/6210,1 - 3,1,3,2 - 6,2,6,Gold 4,13.0,"https://na.op.gg/multi/query=Arceus411,Zeagle,TheRhyn0,Anmec,WarDoid,Fuzzyhamster,DLD27,C9 STEPH,Mrmooraf,Carzard,","https://na.op.gg/multi/query=OhhhFataL,BudgieKraz,Lone Laner,creeperkiller727,"
CMU SPG,South-west | 1,https://cstarleague.com/lol/teams/11319,0 - 5,0,5,1 - 10,1,10,Bronze 3,6.0,"https://na.op.gg/multi/query=SHYVANA2333,An Enthusiast,0ctothorpe,Evanolott,leniumC,Han204,EDG Gank Machine,KKKKKknight9,OW WHisper,Ruitao,",
Club Sandwitch,South-west | 1,https://cstarleague.com/lol/teams/11303,0 - 5,0,5,0 - 10,0,10,Gold 4,13.0,"https://na.op.gg/multi/query=Tony Bonilla,Sandwitch,RoryR,",
KSU WiFi,South-east | 2,https://cstarleague.com/lol/teams/11406,6 - 0,6,0,12 - 0,12,0,Platinum 2,19.0,"https://na.op.gg/multi/query=Aerof,Technoblades,Im So Clean,PridefulPhoenix,IAmKidReformed,",
UAH Charger White,South-east | 2,https://cstarleague.com/lol/teams/8821,4 - 1,4,1,8 - 3,8,3,Platinum 1,20.0,"https://na.op.gg/multi/query=UAH Kapitan,RagorkTV,Kush,Phayen,ClöwnFiesta,AbeSucks69,",
HardStuck Fun,South-east | 2,https://cstarleague.com/lol/teams/11396,4 - 1,4,1,8 - 2,8,2,Platinum 2,19.0,"https://na.op.gg/multi/query=Guildjango,VikDaBaller,Pranayfire,odkcaj,Chords,Eidson,",
GCE Black II XIX,South-east | 2,https://cstarleague.com/lol/teams/4147,4 - 1,4,1,8 - 3,8,3,Platinum 2,19.0,"https://na.op.gg/multi/query=Redlaf,GougeEmValor,terriyaky,Bluebird959,Tropikal,Emperorslingshot,",
GT WidePeepoHappy,South-east | 2,https://cstarleague.com/lol/teams/9875,3 - 2,3,2,8 - 4,8,4,Diamond 4,21.0,"https://na.op.gg/multi/query=Jokam,A Small Cat,Double Entry,Zoltanius,6 cents,Dynamic Queue,",
MTSU eSports LOL Sub,South-east | 2,https://cstarleague.com/lol/teams/10651,3 - 2,3,2,7 - 5,7,5,Platinum 2,19.0,"https://na.op.gg/multi/query=Spóons,Twebba,Drak,vufizi,Into Battle,Ligma,J4min,Merkiel,kompi1642z,Voxtrik,",
GT Yerrow,South-east | 2,https://cstarleague.com/lol/teams/10026,3 - 3,3,3,6 - 6,6,6,Platinum 3,18.0,"https://na.op.gg/multi/query=Synchroncy,watercoolninja,Chinoy,ToTheRiceFields,Brooks Was Here,Naraie,",
GCE Spurs XIX,South-east | 2,https://cstarleague.com/lol/teams/10162,3 - 2,3,2,6 - 4,6,4,Platinum 4,17.0,"https://na.op.gg/multi/query=Redlaf,Genius sen,GirlInLOL Anivia,TheShy CN,IGAlexander,DerekNavy,7dkaelthas,ZivxDy,",
UTK Esports - White,South-east | 2,https://cstarleague.com/lol/teams/11299,2 - 4,2,4,4 - 8,4,8,Platinum 4,17.0,"https://na.op.gg/multi/query=s2 shanu,oODoomOo,SavvonDrugs,D5 Sir Galahad,Minervaa,Kirschblüte,Flaming Yogurt,JohnVVick,carrotshock,",
Cocky Esports Phoenix,South-east | 2,https://cstarleague.com/lol/teams/8578,1 - 4,1,4,2 - 8,2,8,Gold 4,13.0,"https://na.op.gg/multi/query=Pandaboat23,44Z,Meowasaurous,KornflakeKiller,Milster775,Go KayKay,Neavu,Drehzyy,UnicornFetus,Skkwert,","https://na.op.gg/multi/query=cjannot,Prai,"
Blazers uLoL Rift Herald,South-east | 2,https://cstarleague.com/lol/teams/9137,1 - 5,1,5,2 - 10,2,10,Silver 2,11.0,"https://na.op.gg/multi/query=pancode,Chatterlal,Chan Chan,Mage Whore,xGreenDots,21saav,AlyAngleFire,SoaringEggroll,tito tea,",
Alabama Academy Crimson,South-east | 2,https://cstarleague.com/lol/teams/10867,1 - 4,1,4,2 - 8,2,8,Platinum 4,17.0,"https://na.op.gg/multi/query=Chipper,Get My Cape,Coffee Cat,Roasted Sigurd,Captain Insano,Hecrimjob,Kaimex,",
UTK Esports - Smokey Gray,South-east | 2,https://cstarleague.com/lol/teams/11300,0 - 6,0,6,0 - 12,0,12,Silver 1,12.0,"https://na.op.gg/multi/query=oODoomOo,D5 Sir Galahad,RangerRaccoon,Naekryn,thelooseseal,Slam Donkey,killerpunk64,SomeWhatDumb,",
VGC USF Alpha,South-east | 1,https://cstarleague.com/lol/teams/9937,6 - 0,6,0,12 - 0,12,0,Gold 1,16.0,"https://na.op.gg/multi/query=RekaNova,Vicárious,I suppowt chUwU,Wehbb,Jonathanz,sn1prz,Butterbones,Mormon Sam,rrtyui,CineraM,","https://na.op.gg/multi/query=Tyler is Trash,Uber Shower Head,Snªke,"
GT Black,South-east | 1,https://cstarleague.com/lol/teams/10503,4 - 2,4,2,8 - 4,8,4,Platinum 2,19.0,"https://na.op.gg/multi/query=catast999,pólygraph,Absolutely Dank,Depei,Chessdude08,ECG Aero,ArenaTrap,",
FAU Talons,South-east | 1,https://cstarleague.com/lol/teams/10529,4 - 2,4,2,8 - 4,8,4,Platinum 3,18.0,"https://na.op.gg/multi/query=Spectér,Fossil Dyna,adc abc,RomeoMalibu,UnPykely,Renegade Rocky,Inudogyasha,riptyde911,Azùn,brax2000,","https://na.op.gg/multi/query=High to Low,PrismaLink,"
Esports at Florida State Gold,South-east | 1,https://cstarleague.com/lol/teams/9591,4 - 1,4,1,8 - 2,8,2,Platinum 2,19.0,"https://na.op.gg/multi/query=Twîg,MegaBlazeiken,nôbody,FillyCheezStaik,yellow bladez,Daigusto,Arients,King of the Hill,",
Esports at Florida State Black,South-east | 1,https://cstarleague.com/lol/teams/9593,4 - 1,4,1,8 - 2,8,2,Platinum 2,19.0,"https://na.op.gg/multi/query=MegaBlazeiken,ViathaN GWC,ControI,Drozsky,FSU 6 5 btw,kasumu,",
GT Gray,South-east | 1,https://cstarleague.com/lol/teams/9776,3 - 3,3,3,7 - 6,7,6,Platinum 2,19.0,"https://na.op.gg/multi/query=Osusu,4 PEPEGA,pólygraph,Best Katarina TW,Bickor,Preliator,CNT N1 GeminiJF,starcraft addict,xxNarcissistxx,",
HammerHeads,South-east | 1,https://cstarleague.com/lol/teams/6379,2 - 3,2,3,4 - 6,4,6,Silver 3,10.0,"https://na.op.gg/multi/query=Jin Hun,Profezor,Rebirth of PaiN,BrosukeLevi,bekko77,Pechuga,blola123,ComplexGio,katia,Wezt,","https://na.op.gg/multi/query=tupidme,"
Georgia Tech Orange,South-east | 1,https://cstarleague.com/lol/teams/10382,2 - 3,2,3,4 - 6,4,6,Platinum 2,19.0,"https://na.op.gg/multi/query=Infinium,Korean Legend,DarkFreaker,am syn irl,finncepti0n,",
Challenger Smurfs,South-east | 1,https://cstarleague.com/lol/teams/10065,2 - 2,2,2,4 - 5,4,5,Gold 1,16.0,"https://na.op.gg/multi/query=Bard Bard Bárd,steveand117,Luna Rosendale,Arisusu,Spidee,Pranayfire,",
BarryU Esports LoL,South-east | 1,https://cstarleague.com/lol/teams/10876,2 - 2,2,2,4 - 4,4,4,Gold 3,14.0,"https://na.op.gg/multi/query=LanceplaysLoL,iBengal,ditto567,StraightSarbaje,Ownagé,Whiskeey Neat,Starking00,Fémme Fatale,",
Storm Surge Miami,South-east | 1,https://cstarleague.com/lol/teams/11414,0 - 4,0,4,0 - 8,0,8,Gold 3,14.0,"https://na.op.gg/multi/query=Coola,XingZe,Da7oom,Abzurdah,jessicasquid,Choco Mints,paulwong0418,Buddy Shao,",
Keiser Seahawks,South-east | 1,https://cstarleague.com/lol/teams/9484,0 - 5,0,5,0 - 10,0,10,Gold 3,14.0,"https://na.op.gg/multi/query=KeiserEsports,ArmedChief,Bang8ang,Roasty,Kaihiri,BOOM8OOM,TSM Holmesburg,Cathelia08,wo hao lei ya,Antonio7,",
Georgia Tech Purple,South-east | 1,https://cstarleague.com/lol/teams/10976,0 - 5,0,5,0 - 10,0,10,No Players Found,0,https://na.op.gg/multi/query=,
UofA Open,North-west | 2,https://cstarleague.com/lol/teams/10334,6 - 0,6,0,12 - 2,12,2,Platinum 2,19.0,"https://na.op.gg/multi/query=K00 Smeb,Wang Yiren,KubixZesty,Cyroean Maji,AIgorithm,Rizzy wan,OGC PikaPika,Jason A W,Siskyo,Renguu,","https://na.op.gg/multi/query=Delyze,Iullaby,31315926,WoShiGarvin,thebeginning321,"
UBC Open Bot,North-west | 2,https://cstarleague.com/lol/teams/11174,5 - 0,5,0,10 - 1,10,1,Platinum 2,19.0,"https://na.op.gg/multi/query=Trivia Boi,WTFmonkey,KimKimSenior,DarkLones,IcyRay,Memebox360,DARKLASERZ,TrophyTroop,SnowmanKnight,",
cwawa and four wards,North-west | 2,https://cstarleague.com/lol/teams/11102,5 - 0,5,0,10 - 1,10,1,Gold 1,16.0,"https://na.op.gg/multi/query=PotatoSkins587,Keullala,De57,Trivia Boi,Shin Chin,SpaceX,Eelmorth,Daddy Teddy,",
SFU Open League,North-west | 2,https://cstarleague.com/lol/teams/11364,4 - 1,4,1,9 - 2,9,2,Platinum 1,20.0,"https://na.op.gg/multi/query=aMayZheng,SupremeKangaroo,i am wei,Scotiabank,the84io,pul,hi im hungry,Souliess,",
UAA Esports,North-west | 2,https://cstarleague.com/lol/teams/4037,3 - 3,3,3,6 - 6,6,6,Platinum 4,17.0,"https://na.op.gg/multi/query=UAA Krischan,Bunnıe,JustKong,Eskuhh,rybn7,",
Banned For Toxicity,North-west | 2,https://cstarleague.com/lol/teams/10583,3 - 1,3,1,6 - 3,6,3,Platinum 3,18.0,"https://na.op.gg/multi/query=puppyinahat,Sior,disarmingd0nky,Jeak,Shadoko,",
UBC Open Top,North-west | 2,https://cstarleague.com/lol/teams/11172,2 - 3,2,3,7 - 7,7,7,Diamond 4,21.0,"https://na.op.gg/multi/query=Trivia Boi,Iurker,Cytotic,suhboy,Rök,NghtRush,Trade,DarkAngelDestro,",
Boise State University White,North-west | 2,https://cstarleague.com/lol/teams/11290,2 - 4,2,4,5 - 8,5,8,Platinum 1,20.0,"https://na.op.gg/multi/query=NotKoba,Gïmmick,źªçç,Madara,Thày Giáo Lâm,Lelðuch,Knight Kerry,Setup,tehDemonCryed,",
The Aspired,North-west | 2,https://cstarleague.com/lol/teams/10888,2 - 3,2,3,4 - 7,4,7,Gold 3,14.0,"https://na.op.gg/multi/query=SusanTheChild,elysiaal,ˇˇˇˇˇˇ,CodyDaGuy,ICanRageQuit,Hashmer,likeanepicboss,bôji,RyanTheMerciful,ksteezie,",
Team Solid,North-west | 2,https://cstarleague.com/lol/teams/9381,2 - 3,2,3,4 - 6,4,6,Gold 2,15.0,"https://na.op.gg/multi/query=Mr Perfecteon,Oelyk,Carolus Brit,Cöbalt,Jason Wayne,",
Griz JV,North-west | 2,https://cstarleague.com/lol/teams/11019,1 - 5,1,5,2 - 10,2,10,Gold 2,15.0,"https://na.op.gg/multi/query=Jet Jaguar,Mavryck,Dayze,Moon Moonn,archer66,Ulfrrr,Mävrick,Goes,SIop,",
SFU Academy White,North-west | 2,https://cstarleague.com/lol/teams/6951,0 - 6,0,6,1 - 12,1,12,Gold 1,16.0,"https://na.op.gg/multi/query=Incoming Nerf,TempusER 1998,PacificProdigy,Lullencia,Cankatsa,lvl 3 pleb,ƒangs,",
LoL JV,North-west | 2,https://cstarleague.com/lol/teams/6525,0 - 6,0,6,1 - 12,1,12,Gold 2,15.0,"https://na.op.gg/multi/query=Aceofmonsters,Michaelmay1999,YumSouls,Cyan Skunk,Bionic Avian,Pancakesqq,Błess,",
UBC Judr Group,North-west | 1,https://cstarleague.com/lol/teams/11225,6 - 0,6,0,12 - 1,12,1,Diamond 4,21.0,"https://na.op.gg/multi/query=Trivia Boi,Plantie,Bradley,íZir,Zeq,Steelguy,Toams,",
UBC Open Mid,North-west | 1,https://cstarleague.com/lol/teams/10973,5 - 1,5,1,10 - 2,10,2,Diamond 4,21.0,"https://na.op.gg/multi/query=Trivia Boi,Lewd Loli Lover,Aiurian Skies,lolmanX,Ryuma,Hoboslovepie,Mownm,",
SFU Academy Blue,North-west | 1,https://cstarleague.com/lol/teams/6950,4 - 2,4,2,10 - 4,10,4,Gold 3,14.0,"https://na.op.gg/multi/query=Incoming Nerf,Lullencia,ßread,Instalocker,Xeryn,littlebear8889,Gummiworm,Voltius,",
SFU Academy Red ,North-west | 1,https://cstarleague.com/lol/teams/5403,4 - 1,4,1,9 - 3,9,3,Gold 2,15.0,"https://na.op.gg/multi/query=Derian,Incoming Nerf,JK Slapgames,Lullencia,Yato,Hong Shi,Armeswar,Mârk,CrimsomKnight,",
Level Upone,North-west | 1,https://cstarleague.com/lol/teams/9480,3 - 2,3,2,6 - 5,6,5,Platinum 4,17.0,"https://na.op.gg/multi/query=Jim Halpbert,PierceBlade,iLoveTeemo4Lyfe,I Fap To Sneaky,yandelenka,Swim or Sink,",
Uvic Ocean,North-west | 1,https://cstarleague.com/lol/teams/10218,2 - 1,2,1,4 - 2,4,2,Gold 3,14.0,"https://na.op.gg/multi/query=Ciancy,Supercomic,Fujimagari,OHydroxide,LAST Badwoman,Kira Kuin,ßipolar ßear,Bhavan,",
Webfoots,North-west | 1,https://cstarleague.com/lol/teams/11275,1 - 4,1,4,2 - 8,2,8,Silver 1,12.0,"https://na.op.gg/multi/query=thicccpoppy,Sevenfold xd,SkellyBro,hwut,K3 Pixel,Yoshiboss68,",
UBC Just OK,North-west | 1,https://cstarleague.com/lol/teams/10535,1 - 3,1,3,2 - 6,2,6,Gold 2,15.0,"https://na.op.gg/multi/query=BlackKaito,NullMega,polarîs,Snow Day Zoe,moppy1234,Golden December,Sylvurn,Argøs,Smartystnap,KiritoShimura242,",
SEATTLE UNIVERSITY ESPORTS,North-west | 1,https://cstarleague.com/lol/teams/7875,1 - 4,1,4,2 - 8,2,8,Gold 4,13.0,"https://na.op.gg/multi/query=UrPalAl,TheMexican521,light2046,Darnimcool,Gavín,Detective Teemø,Boopdahoop,Cônnor,Lyter,Telephonic,","https://na.op.gg/multi/query=NotReallyBrad,Nitroxious,DigDugCD620,Múdkip,seo youjong,Prometheus Bound,"
PC Pirates LOL,North-west | 1,https://cstarleague.com/lol/teams/10799,1 - 4,1,4,2 - 8,2,8,Silver 4,9.0,"https://na.op.gg/multi/query=SteelShot,BTX Jun,Pizzuto,deadbearmat,coachmorrow,luke575,",
UBC Open Nexus,North-west | 1,https://cstarleague.com/lol/teams/11175,0 - 3,0,3,0 - 6,0,6,Platinum 3,18.0,"https://na.op.gg/multi/query=Subluxe,iamhaans,Trivia Boi,imtwelve69,gam3r186,Louie Wu,Apathy Man,Renyxify,",
UBCOgopogo,North-west | 1,https://cstarleague.com/lol/teams/7625,0 - 3,0,3,0 - 6,0,6,Silver 2,11.0,"https://na.op.gg/multi/query=Quari,EpicSaxGandalf,BlackKaito,CyanShrooms,NullMega,shadowcat212,polarîs,",
St. Ambrose LoL Bees,North-west | 1,https://cstarleague.com/lol/teams/9547,0 - 0,0,0,0-0,0,0,Gold 2,15.0,"https://na.op.gg/multi/query=yuiop777,cNuclear,Pekls,riversided,dafliegs,dufko,",
Ember ETS,North-east | 8,https://cstarleague.com/lol/teams/8874,6 - 0,6,0,12 - 0,12,0,Diamond 2,23.0,"https://na.op.gg/multi/query=PDog,Pooky wan kenobi,Zalty,jte pew ds lanus,nothinghere,Binkie,star shopping,",
ETS Quake,North-east | 8,https://cstarleague.com/lol/teams/10967,5 - 1,5,1,10 - 3,10,3,Platinum 3,18.0,"https://na.op.gg/multi/query=wanted313,Aštarte,TheFluffyOne,Konckey Dong,Je suis Baguette,Kinaruzo,Ic3Tag,",
RWU esports,North-east | 8,https://cstarleague.com/lol/teams/9695,4 - 1,4,1,8 - 3,8,3,Gold 2,15.0,"https://na.op.gg/multi/query=X307,JWARRIOR1,The Tuccinator,rockman6116,Greek Marine,",
ETS Frost,North-east | 8,https://cstarleague.com/lol/teams/10831,4 - 0,4,0,8 - 1,8,1,Diamond 4,21.0,"https://na.op.gg/multi/query=Poussifeu,Xelsaid,ƒencekeeper,Pereira04,Senketsu13,WoldieNA,",
UdeM E-Sports B,North-east | 8,https://cstarleague.com/lol/teams/11025,3 - 2,3,2,6 - 4,6,4,Platinum 3,18.0,"https://na.op.gg/multi/query=UdeM pray,UdeM ChmpBobette,UdeM PrettyFlako,UdeM bladenes,UdeM Nodrix,UdeM tigab,",
SNHU Esports,North-east | 8,https://cstarleague.com/lol/teams/9183,2 - 3,2,3,5 - 6,5,6,Platinum 2,19.0,"https://na.op.gg/multi/query=Mistrust,Natlus,bloodyTX,MrReeno,Stillman,TheRavensNest,cakejed,Børnstellar,Citamotua,",
Div II McGill XIX,North-east | 8,https://cstarleague.com/lol/teams/9887,2 - 2,2,2,5 - 4,5,4,Platinum 2,19.0,"https://na.op.gg/multi/query=Brsn,iamavila,Zaigok,Princess Belle,My AD Big Poopoo,Mite,OGMB,DEAL0010,getinmyrustyvan,Deadroses,",
UVM Poro Legends,North-east | 8,https://cstarleague.com/lol/teams/9888,2 - 3,2,3,4 - 6,4,6,Gold 2,15.0,"https://na.op.gg/multi/query=Macro xD,TheSphere,PyroCryptic,Alannah,Kappa Prıde,Hyperphania,Big Wudong,Acester404,Brother Monk,Rorigard,","https://na.op.gg/multi/query=ShockbIade,"
URI Royals,North-east | 8,https://cstarleague.com/lol/teams/2167,1 - 4,1,4,2 - 8,2,8,Gold 4,13.0,"https://na.op.gg/multi/query=ASKII,galviatow,unownreality,Liquid Nitrogen,Khärma,EmperorTantatine,Theredorn,Zolla22,BGoodies,3x3,","https://na.op.gg/multi/query=Çheech,dirtieboy,URI Jator,Skipper257,cooooookie,Is It Shaved,"
FPU League,North-east | 8,https://cstarleague.com/lol/teams/7607,1 - 3,1,3,2 - 6,2,6,Silver 2,11.0,"https://na.op.gg/multi/query=AFKcat,BlueEyesKnight,Dranathos,FPU Myto,S Black Eye S,Lakalive,Aquatica,",
Bates Academics,North-east | 8,https://cstarleague.com/lol/teams/9428,0 - 4,0,4,1 - 8,1,8,Platinum 2,19.0,"https://na.op.gg/multi/query=nrj6490,Stride,ChinesePowr4Life,Walrein,Nat30,7153,",
CMCC Team A,North-east | 8,https://cstarleague.com/lol/teams/9601,0 - 4,0,4,0 - 8,0,8,Gold 2,15.0,"https://na.op.gg/multi/query=Lvl100 Scorbunny,Aloodir,Alimaura,zackkimbo,Dragonking231,Rhaz zix,GravesShouldJuul,Metternich,Sl4ughter,",
Bates Challengers,North-east | 8,https://cstarleague.com/lol/teams/9427,0 - 3,0,3,0 - 6,0,6,Gold 4,13.0,"https://na.op.gg/multi/query=nrj6490,xXNTheRipperXx,Whip De Chi,Not into pirate,MrPupples,",
Ets Spark,North-east | 7,https://cstarleague.com/lol/teams/10727,6 - 0,6,0,12 - 4,12,4,Diamond 4,21.0,"https://na.op.gg/multi/query=Oh Leee Fuk,Zip The Zap,Le Bën,Yaaosai,Docanimo,",
Kryzlx Esports,North-east | 7,https://cstarleague.com/lol/teams/11351,5 - 1,5,1,11 - 3,11,3,Platinum 4,17.0,"https://na.op.gg/multi/query=Dsfalk,Iphonefreak999,m0Rn,footballn11,xXChumpBucketXx,RogueMasquerader,Fruity Hacker,ConstantinValdor,EzreAlan,Tangyouverymuch,","https://na.op.gg/multi/query=FlamaJ,EzLyfe,"
Becker White,North-east | 7,https://cstarleague.com/lol/teams/11503,4 - 1,4,1,9 - 2,9,2,Gold 3,14.0,"https://na.op.gg/multi/query=bowlerjoe,Kct1 Yaakov,djfigs25,Łukê,Your Bartender,",
RU SCREW,North-east | 7,https://cstarleague.com/lol/teams/11369,4 - 1,4,1,8 - 4,8,4,Platinum 1,20.0,"https://na.op.gg/multi/query=Lee Sunho,Blue Psyduck,SupahV7,Fire and BIood,Utopia,Social Media,Haifuri,Sea Of Thieves,",
Yale's OP Kayle,North-east | 7,https://cstarleague.com/lol/teams/10445,3 - 2,3,2,7 - 4,7,4,Platinum 3,18.0,"https://na.op.gg/multi/query=alcrazy,Pho King Hell,Muffintopper66,Aurephelia,Big Chang Theory,Korobasne,",
Northeastern Justice,North-east | 7,https://cstarleague.com/lol/teams/9948,3 - 2,3,2,7 - 5,7,5,Gold 1,16.0,"https://na.op.gg/multi/query=Bravø,FlyingHippo2,SKT T69 Faker,catgirl loli,Sparkbeat,Underaged Rat,Deadly Snare,SmohknJefreys,iHeartWessy,",
Jason bOrnn,North-east | 7,https://cstarleague.com/lol/teams/8793,2 - 4,2,4,6 - 8,6,8,Platinum 4,17.0,"https://na.op.gg/multi/query=T W,Redstrike929,Pheonixwish,Galactic Emperor,Blaste,Mister Krabs,9S is best boy,Roycxz,B1ueRos3,Kevinnub,",
Better Mid Wins,North-east | 7,https://cstarleague.com/lol/teams/10437,2 - 3,2,3,5 - 6,5,6,Platinum 4,17.0,"https://na.op.gg/multi/query=Slubby,FluttR,SkyStruck,Translucent Dawn,luliang,rice will do,",
CCSU White,North-east | 7,https://cstarleague.com/lol/teams/4790,2 - 4,2,4,4 - 8,4,8,Gold 3,14.0,"https://na.op.gg/multi/query=TMorgs,evilrunic,JayvisAwe,Mr Neopolitan,XxInstinctxX,Qaera,killencrab,",
SHU Open,North-east | 7,https://cstarleague.com/lol/teams/6866,1 - 3,1,3,3 - 6,3,6,Gold 1,16.0,"https://na.op.gg/multi/query=DripDroppin,gamefanatic1,InsaneSouls,KimJongPhill,ªndrew,HKingChard,An Ikea Bed,",
Five Man Mid,North-east | 7,https://cstarleague.com/lol/teams/11208,1 - 2,1,2,2 - 4,2,4,Gold 1,16.0,"https://na.op.gg/multi/query=DiamondAatrox,kevinhonglol,Korobasne,Tekniq,iHalcyonK,Yugi Mototodile,Kaoisa,",
UNewHaven Gold,North-east | 7,https://cstarleague.com/lol/teams/9989,0 - 5,0,5,0 - 10,0,10,Silver 4,9.0,"https://na.op.gg/multi/query=TheJonSmith,itchycolon,Yonagi Kei,Katsuo Yuko,Solomon122,Yami Deku,Shadowfang7875,",
Thicc Boys Incorporated,North-east | 7,https://cstarleague.com/lol/teams/10246,0 - 5,0,5,0 - 10,0,10,Gold 1,16.0,"https://na.op.gg/multi/query=Slubby,Yizook,True Lover,H1GHR,CRZephyr,Lan biu biu,AnYu,",
RIT Esports JV,North-east | 6,https://cstarleague.com/lol/teams/11443,6 - 0,6,0,12 - 0,12,0,Diamond 3,22.0,"https://na.op.gg/multi/query=iamiuru2,Oracra,Pwn3d12345,Massiveboobgf,An Angry Cupcake,TheSageOfPaths,kiet1v9,HeadSpace,RM UP,",
Hofstra Esports Blue,North-east | 6,https://cstarleague.com/lol/teams/11436,5 - 1,5,1,11 - 3,11,3,Gold 2,15.0,"https://na.op.gg/multi/query=adami28,Spawns,0rcus,LancerFourK,mantoe,badboykilleraz,AmerZZZ,",
Peanut Butter and Jealous,North-east | 6,https://cstarleague.com/lol/teams/11093,5 - 1,5,1,10 - 3,10,3,Platinum 3,18.0,"https://na.op.gg/multi/query=McSlap,Pyfernix,Project Requiem,roastporkfon,FrostyIguana,Yanney,InfernalEternity,ACherryBlossom,SniffNinja,ShameOnYu,",
NYU YELLOW,North-east | 6,https://cstarleague.com/lol/teams/10450,4 - 1,4,1,8 - 2,8,2,Platinum 2,19.0,"https://na.op.gg/multi/query=Celestial Sable,Ari1a,Celestial Marten,GGfm,Lunart,YukasControlWard,z inevitable,Lord of T3h Ring,I am at Soup,",
NYU RED,North-east | 6,https://cstarleague.com/lol/teams/11485,4 - 2,4,2,8 - 4,8,4,Platinum 4,17.0,"https://na.op.gg/multi/query=Sylveke,TiIted PIayer,Gogi Bibimbap,Kudos0330,problemgg,joe0910,Junihae,",
Quantum Quacks,North-east | 6,https://cstarleague.com/lol/teams/10650,3 - 2,3,2,6 - 4,6,4,Gold 2,15.0,"https://na.op.gg/multi/query=Sushi Order No3,QuackTheDucklord,Ceraron,Jonginnie,RoosterAction,Happypro,S1asther,",
 Guy Gamer Fierce Unity,North-east | 6,https://cstarleague.com/lol/teams/10475,2 - 3,2,3,5 - 7,5,7,Gold 2,15.0,"https://na.op.gg/multi/query=KEVIN LI SPECIAL,RocktheWorlds,AlanaMeHarder,L9 Caps,FlameSlays,NitroDaleAJ,Cinci,",
HWS Esports,North-east | 6,https://cstarleague.com/lol/teams/11028,1 - 3,1,3,3 - 6,3,6,Gold 1,16.0,"https://na.op.gg/multi/query=wickedwidget,I Am Sno,Okury,Ezio Audítore,Top For Janna,My Router Sucks,",
Silver Knights,North-east | 6,https://cstarleague.com/lol/teams/11510,1 - 2,1,2,2 - 4,2,4,Silver 2,11.0,"https://na.op.gg/multi/query=Psytherea,yeahhhitsalex,Joseraph,HamPieTaco,SolidMouse,Sardinas,AHeroWhoSaves,Chaos lord 2,Serious Flak,CentipedeKid,","https://na.op.gg/multi/query=Blaster360,"
NYU ORANGE,North-east | 6,https://cstarleague.com/lol/teams/11487,1 - 3,1,3,2 - 6,2,6,Gold 3,14.0,"https://na.op.gg/multi/query=4boh,DiabetesXplosion,Sylveke,Bwildy,The Mystery Van,bobthesneil,ccmachine,Otamot,",
SUNY Albany Insane Danes,North-east | 6,https://cstarleague.com/lol/teams/2693,0 - 5,0,5,0 - 10,0,10,Bronze 3,6.0,"https://na.op.gg/multi/query=Wolfenmanjenson,xstunnning,shsh123,Pois0n,TUCANA DOGANA,I never ward,Head Coach BJD,",
Skidmore Esports Club,North-east | 6,https://cstarleague.com/lol/teams/10105,0 - 4,0,4,0 - 8,0,8,Gold 2,15.0,"https://na.op.gg/multi/query=Complete Cancer,Peking Da Duck,Vunyrus,i ma1n adc,RickestRick007,chòngy,dorj,MaurisUnicornis,",
Molloy Esports Open,North-east | 6,https://cstarleague.com/lol/teams/9190,0 - 5,0,5,0 - 10,0,10,Gold 1,16.0,"https://na.op.gg/multi/query=Addie Daddyy,Admiral Adob0,Zingblob,Smaglefop,Modelity,Summoner 9527,Suzzıe,",
Evan is Pepega,North-east | 5,https://cstarleague.com/lol/teams/11094,5 - 1,5,1,10 - 3,10,3,Platinum 2,19.0,"https://na.op.gg/multi/query=McSlap,clamyboy19,Lamboyant,Aplox,InfernalEternity,Turnipgreen,Lillifer,oCosmos,Mat196,",
EGDCollective - Team C,North-east | 5,https://cstarleague.com/lol/teams/10235,5 - 0,5,0,10 - 0,10,0,Platinum 4,17.0,"https://na.op.gg/multi/query=lZenithl,PTeXD,Fancy,derping4laughs,A Dandy Guy,NessStarStorm,bye guys,Kujo Jotaro,SouperPlatypus,",
Stockton Ospreys,North-east | 5,https://cstarleague.com/lol/teams/1637,4 - 1,4,1,8 - 3,8,3,Platinum 2,19.0,"https://na.op.gg/multi/query=The Midget Cow,Aureu,shiyori7,Appä,The Fire Ferret,Boozie,A Nice Ward,Kaybun,",
Shenzi's Frenzies,North-east | 5,https://cstarleague.com/lol/teams/11375,4 - 1,4,1,8 - 2,8,2,Platinum 2,19.0,"https://na.op.gg/multi/query=DezQue,CloneEngi,Blue Psyduck,Vinçent,Dudebay,Stewfish,29rosebud,ThatOneDan,",
NYU Bluee,North-east | 5,https://cstarleague.com/lol/teams/10010,4 - 1,4,1,8 - 2,8,2,Platinum 4,17.0,"https://na.op.gg/multi/query=Taıwan,devioushobo,Gengthebull,RykoZin,Loix,unclebroho,Brainded Yi,",
Colgate University A,North-east | 5,https://cstarleague.com/lol/teams/10786,4 - 1,4,1,8 - 2,8,2,Gold 2,15.0,"https://na.op.gg/multi/query=Int To The Fray,joeofsam,Skippy Shadow,Gunnyyy,Free Zealot,Graymousser,Âir,Dragon of Pines,crazyknight007,",
DCES,North-east | 5,https://cstarleague.com/lol/teams/8759,3 - 3,3,3,7 - 6,7,6,Platinum 4,17.0,"https://na.op.gg/multi/query=FallenConscript,Stany1,Senna Is My Luv,Snow Whit3,Virrx1,Mercμry,awsomematt11,Phealy,",
NYU GREEN,North-east | 5,https://cstarleague.com/lol/teams/10451,3 - 2,3,2,6 - 5,6,5,Platinum 1,20.0,"https://na.op.gg/multi/query=Skewersewer,Celestial Marten,RNG Theshy,next time,hideseek34567,Kąmi,speedinbullet2he,Through the Wire,",
Big Blue Esports,North-east | 5,https://cstarleague.com/lol/teams/11220,1 - 5,1,5,4 - 10,4,10,Platinum 4,17.0,"https://na.op.gg/multi/query=Hazardous Khaos,TheOnlyBroski,Spectre522,TL Rui,Try Letting Go,WhyCanINotGetANa,GoIdendrake,ShouldaCalledMIA,",
"Big Red, Big Brain",North-east | 5,https://cstarleague.com/lol/teams/10254,1 - 4,1,4,3 - 8,3,8,Gold 4,13.0,"https://na.op.gg/multi/query=XalkXolc,Anålÿšt,Thanatos4U,SunnyD Swag,Fatum et Fortuna,SKZ Changlix,death buy cactus,",
Fredonia Esports Club B,North-east | 5,https://cstarleague.com/lol/teams/10270,1 - 4,1,4,2 - 9,2,9,Gold 4,13.0,"https://na.op.gg/multi/query=IAMTROLLMASTER,Nae Ireum Jalmot,BionicChemist,Wildbeats,Yalvokar,Boot Cop,Kaitomaru,PoisonousCobra,",
SHUWHITE,North-east | 5,https://cstarleague.com/lol/teams/10103,0 - 6,0,6,0 - 12,0,12,Silver 2,11.0,"https://na.op.gg/multi/query=Linley Baruch,yolister,Roven,GiftWrappedDoge,Etan UwU,",
Cornell JV Intsquad,North-east | 5,https://cstarleague.com/lol/teams/11520,0 - 6,0,6,0 - 12,0,12,Gold 3,14.0,"https://na.op.gg/multi/query=Ælpha,Lezerpork,zginmk,th3creator,JenderBender,Shasty88,",
Twenty Fourteen,North-east | 4,https://cstarleague.com/lol/teams/10288,5 - 0,5,0,11 - 0,11,0,Platinum 1,20.0,"https://na.op.gg/multi/query=DlG Baron,Bulby,blackpenredpen,nontoxic topgod,KatAhri,RukShukWarrior,vále,RednaxeIa,",
UC LoL A Team,North-east | 4,https://cstarleague.com/lol/teams/11459,4 - 0,4,0,8 - 0,8,0,Diamond 3,22.0,"https://na.op.gg/multi/query=TheKmanIsABeast,Kuro Yami Hanshu,Mrmaxmax1423,The Golden King,Hamilet,Hakubak,surfyo,",
Raj's Redemption,North-east | 4,https://cstarleague.com/lol/teams/11373,4 - 2,4,2,8 - 5,8,5,Platinum 3,18.0,"https://na.op.gg/multi/query=Siked,ArchSpartan,Kilian,Blue Psyduck,SupahV7,Evrythe,Nucleic,Haifuri,Disgraceful Fish,",
Drexel Squad Beta,North-east | 4,https://cstarleague.com/lol/teams/11471,4 - 2,4,2,8 - 6,8,6,Platinum 3,18.0,"https://na.op.gg/multi/query=uwu Rifle,Kilo Khaos,Erchrioma,LucSho41,0ut FIayed,ReerandRee,irel,",
DeSales Esports,North-east | 4,https://cstarleague.com/lol/teams/8814,2 - 3,2,3,6 - 6,6,6,Platinum 4,17.0,"https://na.op.gg/multi/query=Saltopus,Santa Gragas,Tyirshkid,FlyingXela,ThePerson0n,TeaandCats,chrisyang1836,",
The Warriors,North-east | 4,https://cstarleague.com/lol/teams/10937,2 - 4,2,4,5 - 9,5,9,Silver 1,12.0,"https://na.op.gg/multi/query=Shadow Seminar,beastsquirrel,Swyperr,Oddpee,Vintagethicc,isaiharock,Dr Owl,NulledNVoided,1 Thrust Man,",
Rock.lol Green,North-east | 4,https://cstarleague.com/lol/teams/5343,2 - 2,2,2,4 - 5,4,5,Platinum 4,17.0,"https://na.op.gg/multi/query=Wicked Bvllet,Frostfull,Gigabyted,BWoods44,Quinn Davidson,Angelous,Narthen,Griffout,",
Penn State Academy,North-east | 4,https://cstarleague.com/lol/teams/11126,2 - 1,2,1,4 - 3,4,3,Diamond 2,23.0,"https://na.op.gg/multi/query=Billy D,Zentriv,Functor,Hongdangmoo,9038,",
PCT League Varsity,North-east | 4,https://cstarleague.com/lol/teams/11304,2 - 2,2,2,4 - 5,4,5,Platinum 3,18.0,"https://na.op.gg/multi/query=1bubbainpa,SleepingRibbon,Hbomb,Delldor,Jackieboyy,",
ONE TRICKS ONLY,North-east | 4,https://cstarleague.com/lol/teams/7532,1 - 2,1,2,3 - 4,3,4,Platinum 1,20.0,"https://na.op.gg/multi/query=one tricks only,iCutForJesus,nontoxic topgod,Zombsowned,Ionian Dance,Áimer,No J Ling,",
Arcadia Knights B,North-east | 4,https://cstarleague.com/lol/teams/10169,0 - 3,0,3,1 - 6,1,6,Silver 3,10.0,"https://na.op.gg/multi/query=D5 Zero LP,Icé,TheMightyDuck123,Big Jingor,Swiftdeus,Kojo Relapse,",
Arcadia Knights,North-east | 4,https://cstarleague.com/lol/teams/10168,0 - 3,0,3,1 - 6,1,6,Gold 1,16.0,"https://na.op.gg/multi/query=D5 Zero LP,SoulReaper61,VodkaCrotch,AwkwardTurtleQQ,KnightVX,Chattin1Reformed,",
RMU Team Blue,North-east | 4,https://cstarleague.com/lol/teams/7318,0 - 4,0,4,0 - 8,0,8,Silver 4,9.0,"https://na.op.gg/multi/query=Mittica,Slurpe,NormTrooper67,russ217187,Strandomintoo,Gir Knives,Lanks,",
UMBC Underdogs,North-east | 3,https://cstarleague.com/lol/teams/10822,6 - 0,6,0,13 - 0,13,0,Diamond 4,21.0,"https://na.op.gg/multi/query=Tsun,Aphotical,YikesItsWykes,Gobblgut,Trap7x,Malodeus,iTeelar,Bowbie Bot,UberYeets,",
NJIT B,North-east | 3,https://cstarleague.com/lol/teams/7770,5 - 2,5,2,11 - 5,11,5,Gold 1,16.0,"https://na.op.gg/multi/query=Øctave,Star Chow,The Fly Spy Guy,mysteryx555,Penguinsanta,AgaGaiinz,kaspookyy,",
UMD.OLoL,North-east | 3,https://cstarleague.com/lol/teams/11103,5 - 0,5,0,10 - 0,10,0,Platinum 2,19.0,"https://na.op.gg/multi/query=SebC,Inner Pead,missbye,Im Choi,RaguDragon,Eternal Wind,F for Fizz,",
UMBC Little Pawgers,North-east | 3,https://cstarleague.com/lol/teams/11032,4 - 1,4,1,8 - 2,8,2,Platinum 4,17.0,"https://na.op.gg/multi/query=StarBoy237,YikesItsWykes,Linkool,Freezeskybird,Lil Coca,trickshoot111,Mîtçh,Project Fury,muddyfeti,Azil,",
UD VGTC JV Team,North-east | 3,https://cstarleague.com/lol/teams/6529,4 - 1,4,1,8 - 3,8,3,Platinum 1,20.0,"https://na.op.gg/multi/query=IntoTheDusk,Dayuni,Kingkyu24,DontTiltWeScale,XxFaZecLaNxX69,Ceige,MIDestinydo,WilliLove,",
Green Lightning,North-east | 3,https://cstarleague.com/lol/teams/10696,3 - 2,3,2,6 - 4,6,4,Gold 1,16.0,"https://na.op.gg/multi/query=theasianflare,nickcaponee,Rangers088,Tempus,White Wings12,Backing,",
Esports Milwaukee Varsity,North-east | 3,https://cstarleague.com/lol/teams/9291,3 - 2,3,2,6 - 4,6,4,Gold 2,15.0,"https://na.op.gg/multi/query=Sen7,Heelwax,FortuneNate,Gohnja,HairySchu,Simba Strength,im pog,Próject Jinx,OscieB,Laning Cat,",
Esports Milwaukee JV,North-east | 3,https://cstarleague.com/lol/teams/9292,3 - 3,3,3,6 - 6,6,6,Gold 4,13.0,"https://na.op.gg/multi/query=Sen7,Heelwax,eSpadess,Gohnja,Lûkas,Simba Strength,Próject Jinx,OscieB,EggySonic,",
Towson Underdogs,North-east | 3,https://cstarleague.com/lol/teams/11282,2 - 5,2,5,4 - 10,4,10,Gold 3,14.0,"https://na.op.gg/multi/query=bite454,Land0n,Dinoslashz,Omega Nox,PlatedPaladin,cloutdreams,HmmmmWaitDuh,EliteToxicDeath,",
Barbie and the Kens,North-east | 3,https://cstarleague.com/lol/teams/11108,1 - 3,1,3,4 - 7,4,7,Platinum 4,17.0,"https://na.op.gg/multi/query=Øctave,Dairy Queen,Wolfenite,thank you sorry,feifire,Sanddome,Nalgi,Spudry,",
TCNJ CGC Team Two,North-east | 3,https://cstarleague.com/lol/teams/2932,1 - 4,1,4,2 - 8,2,8,Silver 4,9.0,"https://na.op.gg/multi/query=Unfest,BLeever,Mysteryward1,IWontDominate17,r0shm0sh,Matt Park,Lolí,Prídé,ATP19,veggieboy,","https://na.op.gg/multi/query=DarkEnergyFlux,Yadomi jinta,HierophantGreens,HydroNAMIac,sparkey705,HLX Nightmare,RAPdawg530,hogeon,Eliann,scrfed,Kyouka09,Pocket Support,"
Sole A Team of Johns Hopkins,North-east | 3,https://cstarleague.com/lol/teams/9305,1 - 3,1,3,2 - 7,2,7,Gold 3,14.0,"https://na.op.gg/multi/query=FlamingTurtle,LethargicShrew00,Akainote,Dangos,DKDKDKDKDKDKDK,ACS Drixitup,UItraviolence,",
Johns Hopkins Bluejays,North-east | 3,https://cstarleague.com/lol/teams/11509,0 - 12,0,12,0 - 24,0,24,Gold 2,15.0,"https://na.op.gg/multi/query=25th Sol,Nytesdawn,The Wòlf,Rixi,idrivecar,Cornhustler,",
MESC JV I Cee,North-east | 2,https://cstarleague.com/lol/teams/10043,6 - 0,6,0,12 - 1,12,1,Platinum 1,20.0,"https://na.op.gg/multi/query=Dabbing Dad,DuhChappers,Newb the Legend,Dyego,Jeanne fan club,Happi Feet,Erikkun,Nîer 2b,PieLyfe,",
MESC JV I B,North-east | 2,https://cstarleague.com/lol/teams/6909,4 - 1,4,1,9 - 2,9,2,Platinum 1,20.0,"https://na.op.gg/multi/query=Mikę,Dyego,iCarpenter,Arthwook,Wholy Bagel,Lagging Support,Qube,",
GVSU Laker Legends B Team,North-east | 2,https://cstarleague.com/lol/teams/9900,4 - 1,4,1,8 - 3,8,3,Platinum 3,18.0,"https://na.op.gg/multi/query=KiwiSocks,Whalis,MIkeTheDemonic,FFZedIsFed,cookie52002,xAGEofMYTHx,boc,GVSU Chad,rk231,Tillo,",
OU Tempest,North-east | 2,https://cstarleague.com/lol/teams/7033,3 - 3,3,3,7 - 6,7,6,Platinum 2,19.0,"https://na.op.gg/multi/query=Foreign Guy,Kitz Snipez,RevelationX03,dok,Laglicious,TheAsianInvasion,Flabbyb,PepperoniTomato,myless,Myosin,","https://na.op.gg/multi/query=LOLGod2000,KilroyTheGreat,"
Miami University Big Boys,North-east | 2,https://cstarleague.com/lol/teams/9179,3 - 2,3,2,7 - 4,7,4,Platinum 3,18.0,"https://na.op.gg/multi/query=eFrFLennon,Humor,Raining In Japan,DTPALM2001,DCart3r,Elite Prada,BlindXebra,CarryMePlsZzz,",
Real Team Six,North-east | 2,https://cstarleague.com/lol/teams/10241,3 - 2,3,2,6 - 5,6,5,Platinum 4,17.0,"https://na.op.gg/multi/query=Roguewolfman,SheerLucke,Snowﬂake,Yáng Chäo Yuè,Jissbon Vanilla,Rashnar,Lissàndrà,",
Michigan Dragon ,North-east | 2,https://cstarleague.com/lol/teams/10413,3 - 1,3,1,6 - 2,6,2,Gold 1,16.0,"https://na.op.gg/multi/query=SelyntronNayder,AYAYA OMEGALUL,Osteoclast,Chiisama,wtc6546x3,Adosh,Aspêct,Not Robert,",
MGE JV,North-east | 2,https://cstarleague.com/lol/teams/10948,2 - 3,2,3,5 - 7,5,7,Gold 2,15.0,"https://na.op.gg/multi/query=MGE Kuriboh,Smorp123,Eamonn,UndefiedKing,Suess,Znith,TheNoneAndOnly,NobleElk,Mail God,",
FSU Bulldogs,North-east | 2,https://cstarleague.com/lol/teams/6608,2 - 4,2,4,4 - 8,4,8,Gold 2,15.0,"https://na.op.gg/multi/query=Minecraftforxbox,FSU Andy,Dwuarf,Cheez,Huskerz,Mishli,",
Alma College Varsity,North-east | 2,https://cstarleague.com/lol/teams/11129,1 - 2,1,2,2 - 4,2,4,Gold 3,14.0,"https://na.op.gg/multi/query=Shyfron,Inuke73,Pink Caboose,1 minute,Mønty,TwilightKnight12,NubiiNeth,",
Wayne Warriors - Green,North-east | 2,https://cstarleague.com/lol/teams/7688,0 - 4,0,4,0 - 8,0,8,Gold 1,16.0,"https://na.op.gg/multi/query=Tape,SniffohGod,Avrofosho,TV0,Tokkkul,Lord Sazuri,KingRoli,Rubbish Talon,Icarrus45,BULGOGI BOYZ,","https://na.op.gg/multi/query=The Cleaner,51020Sioux48042,Tekoya,"
MUwU,North-east | 2,https://cstarleague.com/lol/teams/9174,0 - 3,0,3,0 - 6,0,6,Platinum 1,20.0,"https://na.op.gg/multi/query=Deafen,Humor,Danielson524,Elemanten,Voltaire,Doing His Job,",
MUES JV C,North-east | 2,https://cstarleague.com/lol/teams/9175,0 - 5,0,5,0 - 10,0,10,Gold 1,16.0,"https://na.op.gg/multi/query=Humor,Katfished,Leché,Artails1,Hickit,Keleros the dk,Weetpoppy,Japanda88,",
Notre Dame JV A,North-east | 1,https://cstarleague.com/lol/teams/10426,6 - 0,6,0,12 - 0,12,0,Platinum 2,19.0,"https://na.op.gg/multi/query=JackMcgRocks,Wearin Sweats,malfeasance,Smarkon,Mr Meeseek,",
Akron Zips Club Diamond ,North-east | 1,https://cstarleague.com/lol/teams/7010,5 - 0,5,0,10 - 0,10,0,Platinum 3,18.0,"https://na.op.gg/multi/query=Sloppy Joe,MrKiwiism,BrotherKingYugo,Maltier,Le Roi,moonssang,HiddenNinja,dagda914,Kyancer,Overlimitless,",
Goshen College Leaf League,North-east | 1,https://cstarleague.com/lol/teams/9917,4 - 1,4,1,8 - 3,8,3,Gold 3,14.0,"https://na.op.gg/multi/query=Joshmasa99,Polwygle,Asenjo17,FlG,Agnifaniii,Atovox,MountainGoose,IxDe,",
SVU Knights Open,North-east | 1,https://cstarleague.com/lol/teams/11084,3 - 2,3,2,6 - 5,6,5,Bronze 2,7.0,"https://na.op.gg/multi/query=M1k3d4nm4n,TheDoltishDingo,SøulSmîth,Althron,Halzyon,HoneyTbone,Vagüe,Psiren,",
NKU Esports B,North-east | 1,https://cstarleague.com/lol/teams/8860,2 - 2,2,2,6 - 4,6,4,Gold 1,16.0,"https://na.op.gg/multi/query=Montoon,The Jeek,KnightofUmbar,PrivateWong,Ronexiaz,Luckur,Fibulator,Devilish Loli,",
Malefic Visions,North-east | 1,https://cstarleague.com/lol/teams/9115,2 - 1,2,1,5 - 2,5,2,Diamond 4,21.0,"https://na.op.gg/multi/query=sammystinky,KartGu,Towd47,Snowﬂake,Hiratechi,lil kahuna,ok that was epic,Digimonlove,helper08,",
CU Esports - LoL,North-east | 1,https://cstarleague.com/lol/teams/9442,2 - 2,2,2,4 - 6,4,6,Silver 1,12.0,"https://na.op.gg/multi/query=Riggatoni,Sarlala,Daddyy B,Karmotrine,The Beastar,AshtonArg,SSFTrunks,Sunnymight,",
WLU LoL,North-east | 1,https://cstarleague.com/lol/teams/10216,1 - 3,1,3,3 - 6,3,6,Gold 4,13.0,"https://na.op.gg/multi/query=hp73,BoomZter,Ketchupants73,pingky,Anthony Crowley,Excited0101,InheritanceLight,TheG0ose,Roonrock,Sorâ,",
WKU Hilltoppers B,North-east | 1,https://cstarleague.com/lol/teams/2439,1 - 3,1,3,2 - 6,2,6,Silver 3,10.0,"https://na.op.gg/multi/query=WKU eSports,Kiraeyl,RivalC,Tazmaniak,AggroZen,Montresk,Ev3rnight,Miffed,maýa,",
CCU League of Legends,North-east | 1,https://cstarleague.com/lol/teams/10061,1 - 2,1,2,2 - 4,2,4,Silver 2,11.0,"https://na.op.gg/multi/query=Motíons,Shådows,CCU Collins,VitaMoriendum,CCUEsports,This is not Joan,Wondersha,",
WVWCgg,North-east | 1,https://cstarleague.com/lol/teams/11478,0 - 4,0,4,0 - 8,0,8,Silver 2,11.0,"https://na.op.gg/multi/query=Thlnk,Kleptomancy GP,Borioles,AbeThyHam,BillyyBoi,pika,3x10tothe8,",
PurdueFW - C Team,North-east | 1,https://cstarleague.com/lol/teams/9194,0 - 3,0,3,0 - 6,0,6,Gold 4,13.0,"https://na.op.gg/multi/query=Din0saur,Locran,JGwentworth09,emulatedawsome,david4scouts,King MaxweII,pieguy84,",
Notre Dame JV B,North-east | 1,https://cstarleague.com/lol/teams/11001,0 - 4,0,4,0 - 8,0,8,Gold 4,13.0,"https://na.op.gg/multi/query=420blazek,GussyBoy,Wearin Sweats,Wolosaur,Merciiess,Uglyboyswag95,Narutorunner76,Noodlemaker,QuadForm,",
Team Pepega,North | 1,https://cstarleague.com/lol/teams/9983,6 - 1,6,1,13 - 2,13,2,Diamond 4,21.0,"https://na.op.gg/multi/query=Derry,AuDigger,Outlet,Tellur,ooogaboooga,",
Western JV,North | 1,https://cstarleague.com/lol/teams/7023,6 - 1,6,1,12 - 3,12,3,Platinum 4,17.0,"https://na.op.gg/multi/query=hk jger,ACanadianPanda,Bashful Iceberg,nahimdone,SpoileSummon,Vandios,xbluejayx,tyson xo,",
McMaster Red,North | 1,https://cstarleague.com/lol/teams/10489,6 - 1,6,1,12 - 3,12,3,Platinum 2,19.0,"https://na.op.gg/multi/query=TheElitePharaoh,AyoItsJango,Sekiro,Vaalen,Looter,KVB,TsundereCoke,Pett,warnedjacka,Whìtney,","https://na.op.gg/multi/query=The Yung Yam God,gangsterJ,Stirrling,Villanen,Skum,"
WLU - OpenLeague,North | 1,https://cstarleague.com/lol/teams/6768,4 - 2,4,2,8 - 4,8,4,Platinum 3,18.0,"https://na.op.gg/multi/query=Zedimental,Reehahs,JewishWanabe,Necrodra,BigWBurton,VKC,FlamingMonkey77,Kaemi,4obl,nice icon,","https://na.op.gg/multi/query=PenguinsAreCute,Vandrax,RZJ,"
UW Baby Geese,North | 1,https://cstarleague.com/lol/teams/11066,4 - 0,4,0,8 - 0,8,0,Diamond 2,23.0,"https://na.op.gg/multi/query=Platoon,Hexitt,Ilyfue,Float,TurretTickler,Snowspire,Zenden,RedPandaßear,pinkbeanz,",
Humber Black Team,North | 1,https://cstarleague.com/lol/teams/10046,3 - 2,3,2,6 - 4,6,4,Gold 1,16.0,"https://na.op.gg/multi/query=Akatsukii,Luonger,Sedatives,DaiKiiBox,Koreàboo,Saber Alteria,LeBeach,Tmk7316,",
Fanshawe Fuel - LoL Open,North | 1,https://cstarleague.com/lol/teams/11038,3 - 2,3,2,6 - 4,6,4,Gold 3,14.0,"https://na.op.gg/multi/query=Cavelery,FUEL ReLyT,NotGodyr2Gates,PlzAddAGorilla,ChronoSwiftt,Died In Alpha,Ezreal Thicc,G2K Pek xinh,Gamedestroyer15,noob team,","https://na.op.gg/multi/query=The Unicorn,Octiz,ImBack,TTVsheetonmyteet,"
Cavaliers C,North | 1,https://cstarleague.com/lol/teams/11013,3 - 4,3,4,6 - 8,6,8,Gold 4,13.0,"https://na.op.gg/multi/query=Kindred L4m4r,Alph4Claw,Papa Grenouille,Dewritos45,Cosmos Prince,Dewritos45,FPCUniverse,",
Cavaliers B,North | 1,https://cstarleague.com/lol/teams/11185,2 - 3,2,3,4 - 6,4,6,Gold 3,14.0,"https://na.op.gg/multi/query=Bestkingleo,Trap or a Trick,mındless,Papa Grenouille,Shaymìn,CatchtheRaínbow,",
QEA Tricolour Trihards,North | 1,https://cstarleague.com/lol/teams/9475,1 - 3,1,3,3 - 6,3,6,Platinum 4,17.0,"https://na.op.gg/multi/query=Dastaan,MrBanz,Tanksiss,Gioje Xx213,DarkChiron,Worme,Green Tii,",
UNIVERSITY OF OTTAWA-DIV B TWO,North | 1,https://cstarleague.com/lol/teams/7181,1 - 5,1,5,2 - 10,2,10,Diamond 4,21.0,"https://na.op.gg/multi/query=Exver,Frezzie,amialegends,Td Best Beo,l Mona l,Caveat Emptor,Saucy LightBulb,",
University of Guelph B-Team,North | 1,https://cstarleague.com/lol/teams/11121,1 - 4,1,4,2 - 8,2,8,Gold 2,15.0,"https://na.op.gg/multi/query=hi im Guardian,CIooz,CLG,Counsellor,spatel19981,FrostHD,Yummy Rice,ANUTHA WUN,",
GBC Open League,North | 1,https://cstarleague.com/lol/teams/2578,0 - 12,0,12,0 - 24,0,24,Silver 1,12.0,"https://na.op.gg/multi/query=ll Shadow ll,Choii Yoojung,Kirino,DankyNugz,Autø Attack,Razetheboss,JimmyBong,GAM BestLand,TNß Aquila,Mrjinglesg,","https://na.op.gg/multi/query=Beef Pho,"
GMU Open League Team,East,https://cstarleague.com/lol/teams/10616,6 - 0,6,0,12 - 1,12,1,Platinum 3,18.0,"https://na.op.gg/multi/query=Surej,Slugg0,Cydesus,Runkified,Deathfire Grasp,ILVBOBA,grayy,MadPanda007,Chengz,Monsieur Seasalt,","https://na.op.gg/multi/query=SirLongstride,"
UNC Division Two X,East,https://cstarleague.com/lol/teams/9558,5 - 1,5,1,10 - 3,10,3,Platinum 1,20.0,"https://na.op.gg/multi/query=Apoloes,True Jasian,bocaj00,turkid,Strangerinmytub,Senamz13,Ehringhaus,Limerencé,",
UNC Division Two Y,East,https://cstarleague.com/lol/teams/9559,4 - 1,4,1,9 - 3,9,3,Platinum 2,19.0,"https://na.op.gg/multi/query=Apoloes,Crimnar,mınıon,agricola magica,Dabby21,thebodkill,TheLaserLord,",
UNC Charlotte D Team,East,https://cstarleague.com/lol/teams/10779,4 - 1,4,1,8 - 2,8,2,Gold 3,14.0,"https://na.op.gg/multi/query=Oncilla,ElCinco,Go Big Or Go Big,Yardfoot,Nehpali,Little Kahuna,",
Duke Open A,East,https://cstarleague.com/lol/teams/9906,3 - 2,3,2,7 - 5,7,5,Gold 3,14.0,"https://na.op.gg/multi/query=AnimeBibleBoyUWU,dragojeff,FutureBeyond,Estarossa,budido1,HugzFree,Wang333,ChilledCow,TopNotchPasta,",
Wake Forest Esports - C,East,https://cstarleague.com/lol/teams/9540,3 - 2,3,2,6 - 4,6,4,Gold 2,15.0,"https://na.op.gg/multi/query=Gmor4,StarÐust,Redonctaco98,lolyoum8,DatGuyUMightKnow,dancin9hours,R3ktangl3,bigdaddyxx,ZSR Library,Rentalbook,","https://na.op.gg/multi/query=FeedingPig7,"
UNCC C-Team,East,https://cstarleague.com/lol/teams/10441,3 - 2,3,2,6 - 4,6,4,Gold 3,14.0,"https://na.op.gg/multi/query=GeneralCitizen,Nanachii,Łuckyˉ,BakedShot,Echeleon,Shebras,Agorinha,",
Radford University Esports,East,https://cstarleague.com/lol/teams/11530,3 - 2,3,2,6 - 4,6,4,Silver 2,11.0,"https://na.op.gg/multi/query=Milinda Kiriya,YoruTheWeirdo,Schpoolin,MacMenz,MjIsHere50,ahri srs,PapiDad6969,killindecarry,",
UNCC B TEAM,East,https://cstarleague.com/lol/teams/10913,2 - 4,2,4,6 - 8,6,8,Platinum 3,18.0,"https://na.op.gg/multi/query=KingTheseus,Dark Beginnings,Solo Editing,I Main Rakan,Baby shark xd,Markllama252,",
Wake Forest Esports -A ,East,https://cstarleague.com/lol/teams/10004,2 - 3,2,3,5 - 8,5,8,Platinum 4,17.0,"https://na.op.gg/multi/query=Gmor4,zhake,Elux,billycookie0528,StarÐust,Yung Urf,12asdgasfgasdgba,FY soloman,Rentalbook,Zhan Jim,","https://na.op.gg/multi/query=tKbFAmy,"
Wake Forest Esports - B,East,https://cstarleague.com/lol/teams/9914,0 - 6,0,6,1 - 12,1,12,Platinum 4,17.0,"https://na.op.gg/multi/query=Randomness18,Gold Stealer,Gmor4,billycookie0528,StarÐust,JuulLover39,Zhan Jim,",
Vanderbilt Open,East,https://cstarleague.com/lol/teams/10846,0 - 5,0,5,0 - 10,0,10,Gold 2,15.0,"https://na.op.gg/multi/query=Bulgarian dog,All,Ahn E,sollllleil,Red Magics,Peily,VoiDdeSilentio,temutai,Kim Under,",
High Point University - White,East,https://cstarleague.com/lol/teams/9494,0 - 6,0,6,0 - 12,0,12,Silver 2,11.0,"https://na.op.gg/multi/query=The Technomancer,Quicksilvr2000,Lil Dippa,Pajama Girl,TheXplosivSkittl,Chondro,Doctor Succdo,Czar of SkittleZ,",
Wheaton Varsity Team,Central | 6,https://cstarleague.com/lol/teams/11242,5 - 1,5,1,10 - 2,10,2,Gold 1,16.0,"https://na.op.gg/multi/query=Zaknafien,Trashcompactorj9,Lymbó,CarrotTasteGood,Poópy,mochiyamyam,dooobu,",
DePaul Blue Demons - II,Central | 6,https://cstarleague.com/lol/teams/11340,5 - 0,5,0,10 - 1,10,1,Platinum 1,20.0,"https://na.op.gg/multi/query=Reaperˆ,The Shekler,Alpha Katie,dumbthicc123,Kaldoran,cptfuumanchuu,AspiringDropOut,Tyli,rzayers,",
SIUC A,Central | 6,https://cstarleague.com/lol/teams/9108,4 - 1,4,1,9 - 3,9,3,Platinum 1,20.0,"https://na.op.gg/multi/query=Magerx,ShouTuDeYaSuo,Dr Avacado,Doctor Deefz,PCho 1000,1Wilky,supp 4 sure,Keister,",
Illinois Wesleyan Academy,Central | 6,https://cstarleague.com/lol/teams/6589,4 - 2,4,2,9 - 5,9,5,Diamond 4,21.0,"https://na.op.gg/multi/query=IWU Kahts,CoachFletcher,Brifter,Psapa,Sutton the Wolf,Fryte,Nivec,Spyhi2,ETGOD,emersmith,","https://na.op.gg/multi/query=West Coast Carry,"
Redbird Esports Academy League,Central | 6,https://cstarleague.com/lol/teams/6594,3 - 3,3,3,7 - 7,7,7,Platinum 3,18.0,"https://na.op.gg/multi/query=Redfôx,Rampor The Swift,Lifes Desire,Dechachez,bardstuck plat,Pater,Its Vern Baby,",
 Bradley University - PTP,Central | 6,https://cstarleague.com/lol/teams/9107,3 - 2,3,2,7 - 4,7,4,Platinum 3,18.0,"https://na.op.gg/multi/query=Fr4k,K0rasi,ch1l1 ch33s3,Truck Chan,Ënel,Drigov,Ges201,NyanDiamond,",
Ring Toe Rascals,Central | 6,https://cstarleague.com/lol/teams/11017,3 - 2,3,2,6 - 4,6,4,Gold 1,16.0,"https://na.op.gg/multi/query=Vytautas Didysis,Fr4k,Maybird99,AngryDwarf99,Ënel,",
Olivet Tigers,Central | 6,https://cstarleague.com/lol/teams/9414,3 - 2,3,2,6 - 4,6,4,Platinum 4,17.0,"https://na.op.gg/multi/query=Kymn,Salidror,Oddittee,I  Veigar  I,LysolOP,The Farmassist,ThePineappleNuke,Momokaia,",
CCC Renegades Varsity B,Central | 6,https://cstarleague.com/lol/teams/10649,2 - 3,2,3,4 - 6,4,6,Platinum 4,17.0,"https://na.op.gg/multi/query=FIGGLETON,wms910,1104,BPJ,HoIland,SonicBR,FAAR,Stresssed,Kraygarr,",
NCC eSports,Central | 6,https://cstarleague.com/lol/teams/9296,1 - 5,1,5,3 - 10,3,10,Gold 2,15.0,"https://na.op.gg/multi/query=laxson,Refinery,TacticalJhinting,Domia,DigimonDigivice,HikariHime,Cvil,",
Northwestern Overcats,Central | 6,https://cstarleague.com/lol/teams/10396,1 - 4,1,4,2 - 8,2,8,Platinum 2,19.0,"https://na.op.gg/multi/query=thesecrettaco,the14baller,goge,FIGGYISYUMMY,Freakwave,Marsueltor,EllieTheWaffle,driftgwyn,Barakuba,",
Northwestern C Team,Central | 6,https://cstarleague.com/lol/teams/10397,1 - 5,1,5,2 - 11,2,11,Platinum 4,17.0,"https://na.op.gg/multi/query=thesecrettaco,Scrumptious Pie,Silenttake,the14baller,Marsueltor,DoubleQuadruple,Duxarma,Cryptify,Aratø,Brunocheung,",
Lake Forest College,Central | 6,https://cstarleague.com/lol/teams/3194,0 - 5,0,5,0 - 10,0,10,Silver 2,11.0,"https://na.op.gg/multi/query=Epic Eyebrows,seller857,Moon Wife,ioiicon,dredman999,HIGH SKILL GAMER,dripspaff,Quegsire,VaderBam,Onısan,","https://na.op.gg/multi/query=RacismBad,"
UTSA White,Central | 5,https://cstarleague.com/lol/teams/10280,6 - 0,6,0,12 - 0,12,0,Gold 2,15.0,"https://na.op.gg/multi/query=Mespai,The Box Beater,The Cup of Joe,smurfbronzelol,Pyro26,mymicbroke,Accursêd,frošty,uwu live,",
LOLUTD TEAM E VERSION TWO,Central | 5,https://cstarleague.com/lol/teams/10558,6 - 0,6,0,12 - 1,12,1,Gold 1,16.0,"https://na.op.gg/multi/query=mannstrous,Kya Kitty,Vivid Sun Leona,Lvl 99 Kenny,Koneko314,Faery,jìnseng,",
MSOE Red,Central | 5,https://cstarleague.com/lol/teams/9860,5 - 1,5,1,10 - 3,10,3,Platinum 4,17.0,"https://na.op.gg/multi/query=Divinegon,Siebold,Raekors,Jolson,Magicallypotato,ªrgºs,NobodybuttheRain,slayerdude1000,ZTB TheCaptain,",
Grand View Vikings JV,Central | 5,https://cstarleague.com/lol/teams/9084,5 - 0,5,0,10 - 0,10,0,Platinum 3,18.0,"https://na.op.gg/multi/query=DreadJoker99,Dracolords,Zyx,KØusei,cired,UpstartMyHeart,Mesterjakel,Kayzo,",
LATECH R,Central | 5,https://cstarleague.com/lol/teams/10618,4 - 2,4,2,9 - 6,9,6,Gold 1,16.0,"https://na.op.gg/multi/query=s0me1udontn0,Lord Drayplay,penguin2ps,M0Joe,RoboEmile,BryceCrispy,authlol,Vegar,GrimLockv69,",
MNSU Purple Squad,Central | 5,https://cstarleague.com/lol/teams/9795,2 - 4,2,4,6 - 9,6,9,Gold 3,14.0,"https://na.op.gg/multi/query=Unscene Blade,Louii,Dinor,vinsmôke,Mikayah,BarrackaObama,Super Slam Cam,Unleash29,Smartster,",
Ole Miss Varsity,Central | 5,https://cstarleague.com/lol/teams/9248,2 - 3,2,3,5 - 6,5,6,Gold 1,16.0,"https://na.op.gg/multi/query=Syliris,Empty Regrets,TheAbominusRips,ElstonGunn,Vixcini,Tyler9,Reliqs,JustGrace,",
Cornell College Purple,Central | 5,https://cstarleague.com/lol/teams/9505,2 - 3,2,3,5 - 8,5,8,Gold 2,15.0,"https://na.op.gg/multi/query=ShamrockandRoll,MMOONN,ulldieinthreeday,BIadeWaltz,Yangxi,Admiral Panic,PL181319181319,I Hae Typos,gurbatsch,Very Very Toxic,","https://na.op.gg/multi/query=CrunchyGravel,hide on kúsh,Doinnb,"
LATech B,Central | 5,https://cstarleague.com/lol/teams/8722,1 - 4,1,4,4 - 8,4,8,Gold 2,15.0,"https://na.op.gg/multi/query=s0me1udontn0,C9 5neaky,goldfly6321,Lord Drayplay,Amaniacc,Ravioli Kilig,City of Vora,Cam Fett,The Quinndred,thelaviathan,",
Waldorf Gaming Experience,Central | 5,https://cstarleague.com/lol/teams/6676,1 - 3,1,3,2 - 6,2,6,Gold 4,13.0,"https://na.op.gg/multi/query=DR OnePunchBlitz,Tritsan,Coolio_Frost1,straightshifty,Octavyan,",
WTAMUJV,Central | 5,https://cstarleague.com/lol/teams/9182,0 - 5,0,5,0 - 10,0,10,Silver 1,12.0,"https://na.op.gg/multi/query=Phat Penguin,Return Akali,JustKumo,Shamisen,Cathasabucket,WT_Anomoly,King x Dom,Sir Fahrenheit,zitronic,",
NWC Red Raiders,Central | 5,https://cstarleague.com/lol/teams/8592,0 - 5,0,5,0 - 10,0,10,Silver 2,11.0,"https://na.op.gg/multi/query=iSgtShultz,Hypersomnia,hadesman19,Paragonic,ImSorrySupport,21Baladur,Stonewall0,Cicero2112,Snipenya,",
LOLUTD TEAM JELLIE,Central | 5,https://cstarleague.com/lol/teams/11157,0 - 4,0,4,0 - 8,0,8,Platinum 3,18.0,"https://na.op.gg/multi/query=Jellieglass,Faery,maewo,Bamusan,Dtownkidz,",
UNT Eagles White,Central | 4,https://cstarleague.com/lol/teams/5897,6 - 0,6,0,12 - 0,12,0,Diamond 3,22.0,"https://na.op.gg/multi/query=Kat Diamond,Just Give Up Vi,Rainy,avisandavison,Saúce,NekollcarryU,Amayzing,Lil Nate,Monadö,",
University of Houston Polaris,Central | 4,https://cstarleague.com/lol/teams/6780,5 - 1,5,1,10 - 3,10,3,Platinum 4,17.0,"https://na.op.gg/multi/query=Árçh,Rioklu,Blazetail,Ristu,Gumbers,Thot Wrecker,Frankeeeflip,Muchai,Fireflanz,",
KRAZYINTER FANCLUB,Central | 4,https://cstarleague.com/lol/teams/9023,5 - 0,5,0,10 - 0,10,0,Diamond 4,21.0,"https://na.op.gg/multi/query=kr4zykilla,Good Sir,Poofu,cutepanda,Maroon Turtle,Syrma,Hemal,Fey Feathers,OneSpringFlower,",
University of Houston Phoenix,Central | 4,https://cstarleague.com/lol/teams/11359,3 - 1,3,1,6 - 2,6,2,Platinum 3,18.0,"https://na.op.gg/multi/query=Rioklu,Frankeeeflip,Huskytemplar,Eric Nguyen,Pegasorous,Lil Kermit,Sosca,Rangedapprentice,Salty Fish Zzz,",
LOLUTD FROSTIES,Central | 4,https://cstarleague.com/lol/teams/11187,3 - 3,3,3,6 - 8,6,8,Platinum 3,18.0,"https://na.op.gg/multi/query=TrueSerendipity,Sílver Frost,Animalsss,Ovitav,Radster859,DanWu,NoSlawExtraFries,",
UTA Esports Aurora,Central | 4,https://cstarleague.com/lol/teams/10094,2 - 2,2,2,5 - 4,5,4,Platinum 2,19.0,"https://na.op.gg/multi/query=jabbR,Semper Amicissim,Taste of Italy,Sir Squeeble II,CeIeb,Neiman,SilverPerry,RebornDominator,",
TXST Esports B,Central | 4,https://cstarleague.com/lol/teams/11404,2 - 2,2,2,5 - 4,5,4,Gold 1,16.0,"https://na.op.gg/multi/query=Ryesthetics,Kaladra,SouthernWarrior,Tirate,RedHeadedWarrior,MetalDragon14,Botman,AlxndurTo,",
Texas Tech Academy,Central | 4,https://cstarleague.com/lol/teams/10128,2 - 3,2,3,5 - 7,5,7,Platinum 4,17.0,"https://na.op.gg/multi/query=Chigaroo,KnicNicks,MegaSatan,R3ptile970,Híndsight,Skrufee,Limit pusher,",
SHSU WDGT,Central | 4,https://cstarleague.com/lol/teams/10012,2 - 2,2,2,4 - 4,4,4,Gold 3,14.0,"https://na.op.gg/multi/query=Jokuck,Freaking Anthony,Huy Nguyen,Shiny Pebble,Anruu,Colonel Grabdat,",
The Crusaders,Central | 4,https://cstarleague.com/lol/teams/10100,1 - 5,1,5,3 - 11,3,11,Silver 4,9.0,"https://na.op.gg/multi/query=Djmoney50d,Pokęy,LOV3 Nibbs,Aggieboy1444,Happy0304,MankDemer,FLY Ceralas,Jkimbell,garbageplayerbtw,BakaPichu,",
UNT Eagles Green,Central | 4,https://cstarleague.com/lol/teams/5898,1 - 4,1,4,2 - 9,2,9,Gold 3,14.0,"https://na.op.gg/multi/query=Kat Diamond,glublord,RedDragon101,Angeweenie,Lucixno,BottleCapOG,JCarguy,Ospreay,xl JonyBoi,Sloathe,",
TuG League ,Central | 4,https://cstarleague.com/lol/teams/10986,0 - 4,0,4,3 - 9,3,9,Platinum 4,17.0,"https://na.op.gg/multi/query=EasternAce481,Sóber,iG Hansoku,InfiniteStamina,Aureation,Fizzthebroke,Rainlight,S1rCalmDown,",
TAMUK HogChamp,Central | 4,https://cstarleague.com/lol/teams/3173,0 - 5,0,5,0 - 10,0,10,Silver 1,12.0,"https://na.op.gg/multi/query=Squeezy Nut,Mubo,Young bread,Au D Rogers,TA Falco,yangmaster666,",
Longhorn Gaming C Team,Central | 3,https://cstarleague.com/lol/teams/11453,6 - 0,6,0,12 - 0,12,0,Platinum 3,18.0,"https://na.op.gg/multi/query=Pufl,Faíz,One Epic Potato,Ligmatim,kayleen,thotslayer897,Azexian,AC130,",
University of Houston Flame On,Central | 3,https://cstarleague.com/lol/teams/11271,5 - 0,5,0,10 - 0,10,0,Platinum 3,18.0,"https://na.op.gg/multi/query=Albert Li,S9 ROCKS,Ruquie,Rioklu,fygure,quanba,Katvy,Árma,Kryptik,",
TEAM PEEPEEGA,Central | 3,https://cstarleague.com/lol/teams/10557,4 - 1,4,1,8 - 2,8,2,Platinum 3,18.0,"https://na.op.gg/multi/query=Level 5 Railgun,Kanten no jiu,Khangsoofly,Kimchi Krusader,Faery,ChocoLateToParty,PandaKudux,smittysumthin,",
UNT Eagles Black ,Central | 3,https://cstarleague.com/lol/teams/5899,3 - 3,3,3,6 - 6,6,6,Gold 2,15.0,"https://na.op.gg/multi/query=Kat Diamond,Lucixno,BottleCapOG,DefaultK,NightWing060,Echostyle,lime723,Just Lavender,",
UNT Eagles Alpha,Central | 3,https://cstarleague.com/lol/teams/5900,3 - 2,3,2,6 - 4,6,4,Gold 3,14.0,"https://na.op.gg/multi/query=UltimateToxin,Kat Diamond,i hate ranked,RipTideYT,Z0R0ARK,thehostilemexcan,TreyHolg,NonSpecific,",
LSU Silver,Central | 3,https://cstarleague.com/lol/teams/10401,3 - 1,3,1,6 - 2,6,2,Platinum 3,18.0,"https://na.op.gg/multi/query=Jitoki,Saeva,bauspanda,YourGynecologist,Zycotel,Blanket Robber,ına,",
LSU JV ,Central | 3,https://cstarleague.com/lol/teams/6547,3 - 1,3,1,6 - 2,6,2,Platinum 4,17.0,"https://na.op.gg/multi/query=Salesian,LF Cute Asian GF,fei liu,Inigo Montoyas,SaraSlayer,asianface99,Saeva,PoliticlyNcorekt,Reknlt,Scorchér,",
University of Houston Hellfire,Central | 3,https://cstarleague.com/lol/teams/11248,2 - 3,2,3,4 - 6,4,6,Gold 1,16.0,"https://na.op.gg/multi/query=Rioklu,DarkSerenade,Fawzi,Humpedfungus,ÐangÐðiÊmYêu,BrainKayncer,Trailmix,",
LOLUTD TEAM PIRATES N DOTA,Central | 3,https://cstarleague.com/lol/teams/10697,2 - 3,2,3,4 - 6,4,6,Platinum 3,18.0,"https://na.op.gg/multi/query=Faery,Íncursio,Helioraptor,KingofPirates345,Dota2isbeter,Djoung,Give my IGN BACK,",
Team NAram,Central | 3,https://cstarleague.com/lol/teams/11337,0 - 5,0,5,0 - 10,0,10,Platinum 3,18.0,"https://na.op.gg/multi/query=Kalvalis,DDNation,yfactor1337,Nightdare,Trajomon,",
LOLUTD PSYMOOo,Central | 3,https://cstarleague.com/lol/teams/11189,0 - 5,0,5,0 - 10,0,10,Gold 1,16.0,"https://na.op.gg/multi/query=MrGriffin,Faery,PsyGuy1,m00seh,Vegetable Juice,onigiribih,WorldwideHandsom,",
Angelo State,Central | 3,https://cstarleague.com/lol/teams/8674,0 - 4,0,4,0 - 8,0,8,Silver 4,9.0,"https://na.op.gg/multi/query=TheRahjjMahal,illerongis,Abelhinj,Phantomhaze1,orsic2,Local Native,",
AC Badger Esports,Central | 3,https://cstarleague.com/lol/teams/9074,0 - 3,0,3,0 - 6,0,6,Gold 4,13.0,"https://na.op.gg/multi/query=Pixelated Pizza,Sublíme,LumaxesRex,ameliaisback,0 sensei,0 Kkami,",
Henderson State University,Central | 2,https://cstarleague.com/lol/teams/8477,6 - 1,6,1,13 - 2,13,2,Gold 4,13.0,"https://na.op.gg/multi/query=jpmoney,Subwaaay,Bellzelut,OldManWyatt,Tyrant Grim,eazyg,TG JUMPER,ToughPuddin,Holyshmit1,Brít,",
WUSTL Zoo,Central | 2,https://cstarleague.com/lol/teams/10409,5 - 1,5,1,11 - 3,11,3,Platinum 3,18.0,"https://na.op.gg/multi/query=ChewyLight28,altoknight,Frostales,atomictiger,BigotChild,Forchenyt,fofoabubu,",
Piltover Pokes B Team,Central | 2,https://cstarleague.com/lol/teams/9345,5 - 1,5,1,10 - 4,10,4,Platinum 4,17.0,"https://na.op.gg/multi/query=Killgar,osu alarm,No Fear Matson,Argoll,IAmJustinTime,The Sloth Tamer,Tjtaylor1999,SoSeol,AIILuckNoSkill,Evng,","https://na.op.gg/multi/query=420RunningMan,"
Outstanding Warriors of OSU,Central | 2,https://cstarleague.com/lol/teams/10624,5 - 1,5,1,10 - 4,10,4,Platinum 4,17.0,"https://na.op.gg/multi/query=spykid810,Brinticus,Killgar,Majestic Emu,osu alarm,420RunningMan,Lawsuit,BusinessTime15,sag ass,",
Mizzou B Team - Horkin,Central | 2,https://cstarleague.com/lol/teams/5609,4 - 2,4,2,9 - 4,9,4,Platinum 3,18.0,"https://na.op.gg/multi/query=RêtardedApe,Forgetting,joshquest,InfIux,Be Great,Fleeboyswag,nerms,Vaa1,",
Mizzou B Team - Falcon,Central | 2,https://cstarleague.com/lol/teams/10405,4 - 3,4,3,9 - 7,9,7,Gold 3,14.0,"https://na.op.gg/multi/query=iShadowHeart,joshquest,Be Great,Aunt Jamima,Zoella,Pandiculation,Demagoguery,",
Wait We're A Team,Central | 2,https://cstarleague.com/lol/teams/9770,4 - 2,4,2,8 - 4,8,4,Silver 3,10.0,"https://na.op.gg/multi/query=Prezz GG,Nobody2018,czpearsall,Anobletroll,Halito,MuffinFace3000,Your Jhintleman,",
Tulsa Golden Hurricane,Central | 2,https://cstarleague.com/lol/teams/11118,3 - 3,3,3,7 - 6,7,6,Platinum 4,17.0,"https://na.op.gg/multi/query=TU Grubsters,Hali Baby,TU Bubble Buddy,Liveurlifeloudly,Astima,DaPain,",
MSU Bears Matt Gang,Central | 2,https://cstarleague.com/lol/teams/11101,3 - 3,3,3,7 - 6,7,6,Gold 1,16.0,"https://na.op.gg/multi/query=Merrricka,GreyKnight137,Bruof,MooshroomStatus,Kaii9S,CrispCrustacean,Dei Terrae,i am chanman,",
OU okwahoma univewsity,Central | 2,https://cstarleague.com/lol/teams/10684,1 - 5,1,5,2 - 10,2,10,Platinum 4,17.0,"https://na.op.gg/multi/query=Himana,Rito Torchic,Dudeperfect2006,Catalyst7401,Daimiko,Duknarg,",
Fontbonne Esports CSL,Central | 2,https://cstarleague.com/lol/teams/8890,1 - 4,1,4,2 - 8,2,8,Silver 2,11.0,"https://na.op.gg/multi/query=FBU eSports,I am DzungX,scheer shooter,manly racer,Corrupt007,huyv,",
ATU Gold,Central | 2,https://cstarleague.com/lol/teams/10474,1 - 4,1,4,2 - 8,2,8,Gold 4,13.0,"https://na.op.gg/multi/query=CadeBlade1798,JTL,Wîse,Rezzy01,BrØken SeØul,LucarioSenpai,KidTurbo,tranzitlex,HahOneShot,",
UNL Huskers Black,Central | 2,https://cstarleague.com/lol/teams/11444,0 - 12,0,12,0 - 24,0,24,Gold 3,14.0,"https://na.op.gg/multi/query=Kunai and Kama,ImDGod,cozii,Mastercarl7,Powers515,slicknick444,Icing,RithWall,",
KSU Purp n Black,Central | 1,https://cstarleague.com/lol/teams/11464,5 - 0,5,0,10 - 1,10,1,Platinum 1,20.0,"https://na.op.gg/multi/query=Duckster,ArcHeitz,KylerG,MediocreHats,Tyrallion,Insurgency,",
CC Tigers,Central | 1,https://cstarleague.com/lol/teams/2587,5 - 0,5,0,10 - 1,10,1,Gold 1,16.0,"https://na.op.gg/multi/query=ÆØþðŠÞÅŒ,oaml,Alakay,drainage,pseudogurl,Sirius White,sit downn,MaAaeStroOo,Ezrëàl,",
Johnson County Cavaliers,Central | 1,https://cstarleague.com/lol/teams/8956,4 - 1,4,1,9 - 2,9,2,Platinum 3,18.0,"https://na.op.gg/multi/query=ÐexterouŚ,2witt,d0x69,bigrig13,Luav,jccc student,hunter5144,10JJINDDA,castle 500,",
DSU Blue,Central | 1,https://cstarleague.com/lol/teams/8653,4 - 1,4,1,8 - 3,8,3,Gold 2,15.0,"https://na.op.gg/multi/query=Phoenix Rook 21,Big Cac,KappaKappa213,Meilha,DragonSinHunter,Skaclooosh,Bosnia,TheComadian,Eaglesfan365,",
DSU White,Central | 1,https://cstarleague.com/lol/teams/9510,3 - 2,3,2,8 - 6,8,6,Gold 1,16.0,"https://na.op.gg/multi/query=Flag Ship,DragonSinHunter,Skaclooosh,yobreaka,Bru Haw,TheComadian,Frogfan,TheKids,Eaglesfan365,",
Hardrockers Team B,Central | 1,https://cstarleague.com/lol/teams/4646,3 - 2,3,2,6 - 4,6,4,Gold 2,15.0,"https://na.op.gg/multi/query=Soxboy3,Houdinicat11,Láwrence,Pows,Yolki,DMG Hennessy,EvilGumbo27,ilikerowing,",
Coyotes LoL,Central | 1,https://cstarleague.com/lol/teams/9391,2 - 3,2,3,5 - 6,5,6,Silver 1,12.0,"https://na.op.gg/multi/query=FallenLeo,Enyvione,Eliasxy,Bosnian Thunder,Bobasta,t r i n i t yWAV,Mushio,",
Huskers Scarlet,Central | 1,https://cstarleague.com/lol/teams/11492,2 - 3,2,3,4 - 6,4,6,Gold 1,16.0,"https://na.op.gg/multi/query=ReformedPlasma,Mastercarl7,Luichu,Dancaiks,Powers515,Kharsne,FishMoley Clap,Gratin,JohnWin,",
Shocker Gaming White,Central | 1,https://cstarleague.com/lol/teams/8706,1 - 4,1,4,3 - 8,3,8,Silver 1,12.0,"https://na.op.gg/multi/query=Sasha Nein,Gillıan,Bøssy,YuukiSann,KingCobra324,Ðªvídø,Day Drift,Dyscemo,an duck,",
Hardrocker Esports,Central | 1,https://cstarleague.com/lol/teams/6524,1 - 4,1,4,3 - 8,3,8,Platinum 1,20.0,"https://na.op.gg/multi/query=Soxboy3,Zed Makes MeLose,Láwrence,Gray Enigma,Jeyzal kazar,Voîd,Sebastiantnt,",
NDSU LoL Club Open,Central | 1,https://cstarleague.com/lol/teams/11417,1 - 4,1,4,2 - 9,2,9,Silver 1,12.0,"https://na.op.gg/multi/query=Whiskerss,GottyBoy,Riven SMD,Daenerysss,DBoy9,Truth Without,photoscintosis,YoImSnoops,jettownzu22,BabyKarats,","https://na.op.gg/multi/query=AdmiralNeckbeard,TryMilkingThese,500YenFootlong,vrmarathe,"
PSU Silverbacks,Central | 1,https://cstarleague.com/lol/teams/10874,0 - 3,0,3,1 - 7,1,7,Silver 2,11.0,"https://na.op.gg/multi/query=sXCyBeast,NaturesChicken,Junzi,cadxl,Justcallmesilent,Sasajiro,Potomous,Captain Seabear,BombermanXV,",
Midland U Orange,Central | 1,https://cstarleague.com/lol/teams/10701,0 - 4,0,4,1 - 9,1,9,Gold 3,14.0,"https://na.op.gg/multi/query=TANK2524,golem88,Jynsin,Out There,ArcticDrakeK,",
